user_id;country;registered_user;call_count;answered_call;rejected_call;missed_call;out_of_work_call;user_feedback_count;owertime_call;total_duration (second);weekdays_call;weekend_call
5d306ad40568880299b2da58;RU;TRUE;14;11;1;2;4;0;10;241;6;8
5d306ad40568880299b2da59;RU;FALSE;13;1;0;12;13;0;0;40;13;0
5d306ad40568880299b2da67;KZ;TRUE;11;0;0;11;11;0;0;0;11;0
5d306ad40568880299b2dcf6;AZ;FALSE;11;2;4;5;0;0;11;54;11;0
5d306ad40568880299b2dabb;RU;TRUE;10;10;0;0;3;0;7;1634;10;0
5d306ad40568880299b2dcf1;AZ;FALSE;10;9;1;0;10;0;0;645;10;0
5d306ad40568880299b2da8d;RU;FALSE;9;8;0;1;2;0;7;581;3;6
5d306ad40568880299b2dd57;AZ;FALSE;9;0;0;9;9;0;0;0;9;0
5d306ad40568880299b2daa1;RU;FALSE;8;8;0;0;4;0;4;278;3;5
5d306ad40568880299b2daa2;MX;FALSE;8;8;0;0;3;0;5;1865;2;6
5d306ad40568880299b2dacd;RU;FALSE;8;8;0;0;2;0;6;780;8;0
5d306ad40568880299b2dcc5;AZ;FALSE;8;2;5;1;8;0;0;20;8;0
5d306ad40568880299b2dcde;AZ;FALSE;8;0;0;8;8;0;0;0;8;0
5d306ad40568880299b2dcc2;AZ;FALSE;7;0;0;7;7;0;0;0;7;0
5d306ad40568880299b2dcdf;AZ;FALSE;7;2;0;5;0;0;7;214;7;0
5d306ad40568880299b2dcfc;AZ;FALSE;6;0;0;6;6;0;0;0;6;0
5d306ad40568880299b2dd05;AZ;FALSE;6;0;1;5;6;0;0;0;6;0
5d306ad40568880299b2dd0d;AZ;FALSE;6;0;0;6;6;0;0;0;6;0
5d306ad40568880299b2dd2c;AZ;FALSE;6;0;1;5;6;0;0;0;6;0
5d306ad40568880299b2da56;KZ;FALSE;5;0;0;5;5;0;0;0;5;0
5d306ad40568880299b2da74;RU;FALSE;5;4;0;1;1;0;4;304;5;0
5d306ad40568880299b2da88;RU;FALSE;5;4;1;0;5;0;0;69;5;0
5d306ad40568880299b2dafa;RU;FALSE;5;4;0;1;5;0;0;1386;5;0
5d306ad40568880299b2db16;RU;FALSE;5;0;0;5;1;0;4;0;4;1
5d306ad40568880299b2db6d;MX;FALSE;5;5;0;0;1;0;4;117;4;1
5d306ad40568880299b2db90;RU;FALSE;5;4;0;1;1;0;4;112;3;2
5d306ad40568880299b2dd14;AZ;FALSE;5;4;1;0;5;0;0;174;5;0
5d306ad40568880299b2dd30;AZ;FALSE;5;4;0;1;0;0;5;43;5;0
5d306ad40568880299b2dd49;AZ;FALSE;5;4;1;0;5;0;0;181;5;0
5d306ad40568880299b2dd6e;AZ;FALSE;5;0;0;5;5;0;0;0;5;0
5d306ad40568880299b2dd74;AZ;FALSE;5;0;0;5;5;0;0;0;5;0
5d306ad40568880299b2da71;RU;FALSE;4;2;1;1;4;0;0;8;4;0
5d306ad40568880299b2da84;RU;FALSE;4;0;3;1;4;0;0;0;4;0
5d306ad40568880299b2dac0;BR;FALSE;4;4;0;0;3;0;1;87;4;0
5d306ad40568880299b2dada;RU;FALSE;4;1;0;3;0;0;4;72;4;0
5d306ad40568880299b2dafd;RU;FALSE;4;4;0;0;1;0;3;178;4;0
5d306ad40568880299b2db07;RU;FALSE;4;2;0;2;3;0;1;78;4;0
5d306ad40568880299b2db0a;RU;FALSE;4;2;0;2;0;0;4;9;4;0
5d306ad40568880299b2db1b;RU;FALSE;4;4;0;0;4;0;0;23;4;0
5d306ad40568880299b2db24;KZ;FALSE;4;1;0;3;4;0;0;10;4;0
5d306ad40568880299b2db5d;MX;FALSE;4;4;0;0;0;0;4;122;1;3
5d306ad40568880299b2db84;RU;FALSE;4;4;0;0;2;0;2;815;4;0
5d306ad40568880299b2dccf;AZ;FALSE;4;1;0;3;4;0;0;16;4;0
5d306ad40568880299b2dcd6;AZ;FALSE;4;4;0;0;4;0;0;19;4;0
5d306ad40568880299b2dcda;AZ;FALSE;4;2;0;2;4;0;0;9;4;0
5d306ad40568880299b2dce7;AZ;FALSE;4;1;3;0;4;0;0;0;4;0
5d306ad40568880299b2dceb;AZ;FALSE;4;0;1;3;4;0;0;0;4;0
5d306ad40568880299b2dced;RU;TRUE;4;0;0;4;4;0;0;0;4;0
5d306ad40568880299b2dd24;AZ;FALSE;4;1;0;3;4;0;0;0;4;0
5d306ad40568880299b2dd28;AZ;FALSE;4;3;0;1;0;0;4;150;4;0
5d306ad40568880299b2dd2b;AZ;FALSE;4;4;0;0;3;0;1;70;4;0
5d306ad40568880299b2dd46;AZ;FALSE;4;4;0;0;3;0;1;133;4;0
5d306ad40568880299b2dd58;AZ;FALSE;4;1;0;3;0;0;4;3;4;0
5d306ad40568880299b2dd78;AZ;TRUE;4;0;2;2;4;0;0;0;4;0
5d306ad40568880299b2dd81;AZ;FALSE;4;0;0;4;4;0;0;0;4;0
5d306ad40568880299b2dd9f;AZ;FALSE;4;0;0;4;4;0;0;0;4;0
5d306ad40568880299b2da5a;RU;FALSE;3;0;0;3;0;0;3;0;3;0
5d306ad40568880299b2da5c;UA;FALSE;3;3;0;0;3;0;0;86;3;0
5d306ad40568880299b2da6d;RU;FALSE;3;2;0;1;3;0;0;15;3;0
5d306ad40568880299b2da83;RU;FALSE;3;2;0;1;3;0;0;811;3;0
5d306ad40568880299b2da86;RU;TRUE;3;2;0;1;0;0;3;28;3;0
5d306ad40568880299b2da8a;BR;FALSE;3;0;1;2;1;0;2;0;3;0
5d306ad40568880299b2daac;KZ;FALSE;3;2;0;1;3;0;0;101;3;0
5d306ad40568880299b2daaf;MX;FALSE;3;3;0;0;0;0;3;143;3;0
5d306ad40568880299b2dac1;US;FALSE;3;0;1;2;0;0;3;0;3;0
5d306ad40568880299b2dadf;RU;FALSE;3;0;3;0;3;0;0;0;3;0
5d306ad40568880299b2dae4;RU;FALSE;3;2;0;1;3;0;0;2023;3;0
5d306ad40568880299b2dae6;SG;FALSE;3;3;0;0;0;0;3;51;3;0
5d306ad40568880299b2dae7;RU;FALSE;3;1;0;2;3;0;0;0;3;0
5d306ad40568880299b2db03;KZ;FALSE;3;0;0;3;0;0;3;0;0;3
5d306ad40568880299b2db2c;RU;FALSE;3;0;1;2;0;0;3;0;3;0
5d306ad40568880299b2db34;RU;FALSE;3;3;0;0;0;0;3;52;3;0
5d306ad40568880299b2db4e;RU;FALSE;3;0;0;3;0;0;3;0;3;0
5d306ad40568880299b2db65;RU;TRUE;3;1;0;2;0;0;3;0;3;0
5d306ad40568880299b2db85;MX;FALSE;3;3;0;0;2;0;1;244;0;3
5d306ad40568880299b2db93;RU;FALSE;3;2;0;1;0;0;3;60;0;3
5d306ad40568880299b2dbab;RU;FALSE;3;1;0;2;3;0;0;0;3;0
5d306ad40568880299b2dbc7;RU;TRUE;3;0;0;3;3;0;0;0;3;0
5d306ad40568880299b2dc0c;RU;FALSE;3;0;1;2;0;0;3;0;3;0
5d306ad40568880299b2dcc0;AZ;FALSE;3;0;2;1;3;0;0;0;3;0
5d306ad40568880299b2dcc9;AZ;FALSE;3;2;0;1;3;0;0;114;2;1
5d306ad40568880299b2dcdb;AZ;FALSE;3;0;0;3;3;0;0;0;3;0
5d306ad40568880299b2dd0b;AZ;FALSE;3;0;0;3;3;0;0;0;3;0
5d306ad40568880299b2dd22;AZ;FALSE;3;0;0;3;3;0;0;0;3;0
5d306ad40568880299b2dd47;AZ;FALSE;3;0;0;3;3;0;0;0;3;0
5d306ad40568880299b2dd4e;AZ;FALSE;3;3;0;0;2;0;1;40;3;0
5d306ad40568880299b2dd5c;AZ;FALSE;3;0;0;3;3;0;0;0;3;0
5d306ad40568880299b2dd5d;AZ;FALSE;3;0;0;3;3;0;0;0;3;0
5d306ad40568880299b2dd5f;AZ;FALSE;3;2;1;0;3;0;0;1824;3;0
5d306ad40568880299b2dd6d;AZ;FALSE;3;2;1;0;3;0;0;9;0;3
5d306ad40568880299b2dd99;AZ;FALSE;3;3;0;0;3;0;0;79;2;1
5d306ad40568880299b2dd9c;AZ;TRUE;3;3;0;0;3;0;0;566;3;0
5d306ad40568880299b2dda5;AZ;FALSE;3;2;1;0;3;0;0;72;3;0
5d306ad40568880299b2dda6;AZ;FALSE;3;3;0;0;3;0;0;1821;3;0
5d306ad40568880299b2ddc5;AZ;FALSE;3;3;0;0;3;0;0;73;3;0
5d306ad40568880299b2ddca;AZ;FALSE;3;1;2;0;1;0;2;20;3;0
5d306ad40568880299b2ddd2;AZ;FALSE;3;3;0;0;3;0;0;126;3;0
5d306ad40568880299b2ddd4;AZ;FALSE;3;3;0;0;3;0;0;56;3;0
5d306ad40568880299b2ddd9;AZ;FALSE;3;0;0;3;3;0;0;0;3;0
5d306ad40568880299b2dddc;AZ;TRUE;3;0;0;3;3;0;0;0;3;0
5d306ad50568880299b2de04;AZ;FALSE;3;3;0;0;3;0;0;24;3;0
5d306ad50568880299b2de28;AZ;FALSE;3;2;0;1;2;0;1;29;3;0
5d306ad40568880299b2da5b;RU;FALSE;2;2;0;0;0;0;2;44;2;0
5d306ad40568880299b2da62;RU;FALSE;2;2;0;0;1;0;1;9;0;2
5d306ad40568880299b2da6b;BR;FALSE;2;0;0;0;2;0;0;0;2;0
5d306ad40568880299b2da72;RU;FALSE;2;0;0;0;0;3;2;0;2;0
5d306ad40568880299b2da75;RU;FALSE;2;0;0;2;0;0;2;0;2;0
5d306ad40568880299b2da79;RU;TRUE;2;1;0;1;0;0;2;0;2;0
5d306ad40568880299b2da81;RU;FALSE;2;2;0;0;2;0;0;11;2;0
5d306ad40568880299b2da93;UA;TRUE;2;2;0;0;2;0;0;37;2;0
5d306ad40568880299b2da9e;RU;TRUE;2;2;0;0;0;0;2;146;2;0
5d306ad40568880299b2daa3;KZ;FALSE;2;2;0;0;0;0;2;16;2;0
5d306ad40568880299b2daab;RU;FALSE;2;0;0;2;0;0;2;0;2;0
5d306ad40568880299b2daae;RU;FALSE;2;1;0;1;2;0;0;64;2;0
5d306ad40568880299b2dab3;BY;FALSE;2;2;0;0;2;0;0;13;2;0
5d306ad40568880299b2dab4;RU;FALSE;2;2;0;0;0;0;2;8;2;0
5d306ad40568880299b2daba;RU;FALSE;2;1;1;0;1;0;1;0;2;0
5d306ad40568880299b2dabc;RU;FALSE;2;2;0;0;2;0;0;47;2;0
5d306ad40568880299b2dac9;RU;FALSE;2;2;0;0;0;0;2;27;2;0
5d306ad40568880299b2daca;RU;FALSE;2;2;0;0;0;0;2;6;2;0
5d306ad40568880299b2dacc;RU;FALSE;2;0;2;0;0;0;2;0;2;0
5d306ad40568880299b2dad0;RU;FALSE;2;0;0;2;0;0;2;0;2;0
5d306ad40568880299b2dad6;RU;TRUE;2;0;2;0;2;0;0;0;2;0
5d306ad40568880299b2dad7;RU;TRUE;2;0;0;2;2;0;0;0;2;0
5d306ad40568880299b2dadc;RU;FALSE;2;0;0;2;0;0;2;0;2;0
5d306ad40568880299b2dadd;NO;FALSE;2;2;0;0;2;0;0;19;2;0
5d306ad40568880299b2dae0;RU;FALSE;2;0;0;2;2;2;0;0;2;0
5d306ad40568880299b2dae3;RU;FALSE;2;1;1;0;0;0;2;0;2;0
5d306ad40568880299b2daef;RU;FALSE;2;2;0;0;1;0;1;68;1;1
5d306ad40568880299b2daf4;RU;FALSE;2;2;0;0;2;0;0;8;2;0
5d306ad40568880299b2daf9;RU;FALSE;2;0;0;2;0;0;2;0;2;0
5d306ad40568880299b2db00;RU;FALSE;2;0;2;0;0;0;2;0;2;0
5d306ad40568880299b2db0b;RU;FALSE;2;2;0;0;0;0;2;22;2;0
5d306ad40568880299b2db15;RU;FALSE;2;1;0;1;2;0;0;31;2;0
5d306ad40568880299b2db1e;MX;FALSE;2;0;0;2;0;0;2;0;2;0
5d306ad40568880299b2db20;BR;FALSE;2;0;0;2;2;0;0;0;2;0
5d306ad40568880299b2db25;RU;TRUE;2;1;0;1;1;0;1;0;2;0
5d306ad40568880299b2db27;RU;FALSE;2;1;0;1;0;0;2;172;2;0
5d306ad40568880299b2db2e;RU;FALSE;2;1;0;1;1;0;1;25;2;0
5d306ad40568880299b2db2f;RU;FALSE;2;2;0;0;0;0;2;128;2;0
5d306ad40568880299b2db31;RU;TRUE;2;2;0;0;0;0;2;32;2;0
5d306ad40568880299b2db33;MX;FALSE;2;0;0;2;2;0;0;0;2;0
5d306ad40568880299b2db37;KZ;FALSE;2;2;0;0;2;0;0;61;2;0
5d306ad40568880299b2db39;KZ;TRUE;2;0;2;0;2;0;0;0;2;0
5d306ad40568880299b2db3e;KZ;FALSE;2;1;0;1;0;0;2;65;2;0
5d306ad40568880299b2db3f;RU;FALSE;2;2;0;0;0;0;2;375;2;0
5d306ad40568880299b2db47;UA;FALSE;2;1;0;1;2;0;0;0;2;0
5d306ad40568880299b2db48;RU;TRUE;2;1;0;1;0;0;2;0;2;0
5d306ad40568880299b2db4c;RU;FALSE;2;0;0;2;0;0;2;0;2;0
5d306ad40568880299b2db59;RU;TRUE;2;0;0;2;0;0;2;0;2;0
5d306ad40568880299b2db6a;RU;FALSE;2;2;0;0;2;0;0;4;2;0
5d306ad40568880299b2db78;RU;FALSE;2;0;0;2;0;0;2;0;2;0
5d306ad40568880299b2db7d;RU;FALSE;2;1;0;1;0;0;2;134;2;0
5d306ad40568880299b2db89;RU;TRUE;2;0;0;2;0;0;2;0;0;2
5d306ad40568880299b2dba5;RU;FALSE;2;0;0;2;0;0;2;0;2;0
5d306ad40568880299b2dbb2;RU;FALSE;2;0;0;2;2;0;0;0;2;0
5d306ad40568880299b2dbb7;RU;FALSE;2;0;0;2;2;0;0;0;2;0
5d306ad40568880299b2dbbb;RU;FALSE;2;1;0;1;0;0;2;65;2;0
5d306ad40568880299b2dbcb;RU;FALSE;2;0;0;2;0;0;2;0;2;0
5d306ad40568880299b2dbde;RU;FALSE;2;0;2;0;2;0;0;0;2;0
5d306ad40568880299b2dbe1;BR;FALSE;2;2;0;0;2;0;0;58;2;0
5d306ad40568880299b2dbe4;RU;FALSE;2;2;0;0;0;0;2;182;2;0
5d306ad40568880299b2dbeb;RU;FALSE;2;1;1;0;0;0;2;0;2;0
5d306ad40568880299b2dbf5;RU;FALSE;2;2;0;0;0;0;2;50;2;0
5d306ad40568880299b2dbf8;RU;FALSE;2;1;0;1;0;0;2;40;2;0
5d306ad40568880299b2dbfa;RU;FALSE;2;1;0;1;0;0;2;110;2;0
5d306ad40568880299b2dbfd;RU;TRUE;2;0;2;0;0;0;2;0;2;0
5d306ad40568880299b2dc06;RU;FALSE;2;0;0;2;0;0;2;0;2;0
5d306ad40568880299b2dc21;RU;FALSE;2;2;0;0;0;0;2;159;2;0
5d306ad40568880299b2dc2f;KZ;FALSE;2;1;0;1;2;0;0;0;2;0
5d306ad40568880299b2dc38;RU;FALSE;2;0;0;2;2;0;0;0;2;0
5d306ad40568880299b2dc42;RU;FALSE;2;0;0;2;0;0;2;0;2;0
5d306ad40568880299b2dc44;RU;FALSE;2;2;0;0;0;0;2;8;2;0
5d306ad40568880299b2dc49;RU;FALSE;2;2;0;0;0;0;2;38;2;0
5d306ad40568880299b2dc65;SG;FALSE;2;0;0;2;0;0;2;0;2;0
5d306ad40568880299b2dca1;RU;FALSE;2;2;0;0;2;0;0;3;2;0
5d306ad40568880299b2dcbc;AZ;FALSE;2;0;0;2;2;0;0;0;2;0
5d306ad40568880299b2dccc;AZ;FALSE;2;0;0;2;2;0;0;0;2;0
5d306ad40568880299b2dcd0;AZ;FALSE;2;1;1;0;2;0;0;5;2;0
5d306ad40568880299b2dcd5;AZ;FALSE;2;0;0;2;2;0;0;0;2;0
5d306ad40568880299b2dcdc;AZ;FALSE;2;2;0;0;2;0;0;40;2;0
5d306ad40568880299b2dcdd;AZ;FALSE;2;2;0;0;2;0;0;4;2;0
5d306ad40568880299b2dce6;AZ;FALSE;2;1;0;1;2;0;0;3;2;0
5d306ad40568880299b2dce8;AZ;FALSE;2;2;0;0;2;0;0;15;2;0
5d306ad40568880299b2dcee;AZ;FALSE;2;0;0;2;2;0;0;0;2;0
5d306ad40568880299b2dcf2;AZ;FALSE;2;0;1;1;2;0;0;0;2;0
5d306ad40568880299b2dcfd;AZ;FALSE;2;0;0;2;2;0;0;0;2;0
5d306ad40568880299b2dcff;AZ;FALSE;2;0;0;2;2;0;0;0;2;0
5d306ad40568880299b2dd00;AZ;FALSE;2;2;0;0;2;0;0;12;2;0
5d306ad40568880299b2dd02;AZ;FALSE;2;2;0;0;2;0;0;7;2;0
5d306ad40568880299b2dd03;AZ;FALSE;2;2;0;0;2;0;0;94;2;0
5d306ad40568880299b2dd08;AZ;FALSE;2;2;0;0;2;0;0;32;2;0
5d306ad40568880299b2dd0c;AZ;FALSE;2;0;2;0;2;0;0;0;2;0
5d306ad40568880299b2dd0e;AZ;FALSE;2;2;0;0;0;0;2;29;2;0
5d306ad40568880299b2dd1d;AZ;FALSE;2;0;0;2;2;0;0;0;2;0
5d306ad40568880299b2dd1e;AZ;FALSE;2;2;0;0;2;0;0;42;2;0
5d306ad40568880299b2dd1f;AZ;FALSE;2;2;0;0;2;0;0;16;2;0
5d306ad40568880299b2dd25;AZ;FALSE;2;2;0;0;2;0;0;33;2;0
5d306ad40568880299b2dd2a;AZ;FALSE;2;2;0;0;2;0;0;22;2;0
5d306ad40568880299b2dd2d;AZ;FALSE;2;2;0;0;2;0;0;20;2;0
5d306ad40568880299b2dd2f;AZ;FALSE;2;0;0;2;2;0;0;13;2;0
5d306ad40568880299b2dd36;AZ;FALSE;2;2;0;0;2;0;0;59;2;0
5d306ad40568880299b2dd3b;AZ;FALSE;2;2;0;0;2;0;0;5;2;0
5d306ad40568880299b2dd41;AZ;FALSE;2;2;0;0;2;0;0;28;2;0
5d306ad40568880299b2dd42;AZ;FALSE;2;0;0;2;2;0;0;0;2;0
5d306ad40568880299b2dd44;AZ;FALSE;2;2;0;0;1;0;1;40;2;0
5d306ad40568880299b2dd4a;AZ;FALSE;2;2;0;0;2;0;0;72;2;0
5d306ad40568880299b2dd4c;AZ;FALSE;2;0;0;2;2;0;0;0;2;0
5d306ad40568880299b2dd55;AZ;FALSE;2;2;0;0;2;0;0;40;2;0
5d306ad40568880299b2dd5e;AZ;FALSE;2;0;0;2;2;0;0;0;2;0
5d306ad40568880299b2dd64;AZ;FALSE;2;1;0;1;2;0;0;19;2;0
5d306ad40568880299b2dd65;AZ;FALSE;2;2;0;0;2;0;0;100;1;1
5d306ad40568880299b2dd66;RU;FALSE;2;1;1;0;2;0;0;0;2;0
5d306ad40568880299b2dd69;AZ;FALSE;2;2;0;0;2;0;0;11;2;0
5d306ad40568880299b2dd6b;AZ;FALSE;2;2;0;0;2;0;0;92;2;0
5d306ad40568880299b2dd75;AZ;FALSE;2;0;1;1;2;0;0;0;2;0
5d306ad40568880299b2dd7c;AZ;FALSE;2;2;0;0;0;0;2;51;2;0
5d306ad40568880299b2dd7f;AZ;FALSE;2;1;0;1;2;0;0;0;2;0
5d306ad40568880299b2dd80;AZ;FALSE;2;2;0;0;2;0;0;40;2;0
5d306ad40568880299b2dd8d;AZ;FALSE;2;2;0;0;2;0;0;56;2;0
5d306ad40568880299b2dd8e;AZ;FALSE;2;2;0;0;2;0;0;16;2;0
5d306ad40568880299b2dd97;AZ;FALSE;2;2;0;0;2;0;0;34;2;0
5d306ad40568880299b2dd9a;AZ;FALSE;2;0;0;2;2;0;0;45;2;0
5d306ad40568880299b2dda1;AZ;FALSE;2;2;0;0;2;0;0;39;2;0
5d306ad40568880299b2ddaa;AZ;FALSE;2;2;0;0;2;0;0;20;2;0
5d306ad40568880299b2ddb7;AZ;TRUE;2;1;0;1;2;0;0;0;2;0
5d306ad40568880299b2ddbb;AZ;FALSE;2;1;0;1;2;0;0;85;2;0
5d306ad40568880299b2ddbc;AZ;FALSE;2;0;0;2;2;0;0;0;2;0
5d306ad40568880299b2ddc4;AZ;FALSE;2;1;0;1;2;0;0;0;2;0
5d306ad40568880299b2ddc8;AZ;FALSE;2;0;1;1;2;0;0;0;2;0
5d306ad40568880299b2ddc9;AZ;TRUE;2;1;0;1;2;0;0;0;2;0
5d306ad40568880299b2ddcd;AZ;FALSE;2;0;0;2;2;0;0;0;2;0
5d306ad40568880299b2ddcf;AZ;FALSE;2;2;0;0;2;0;0;37;2;0
5d306ad40568880299b2ddd6;AZ;FALSE;2;2;0;0;2;0;0;10;2;0
5d306ad40568880299b2dde0;AZ;FALSE;2;1;0;1;0;0;2;0;0;2
5d306ad50568880299b2dde4;AZ;FALSE;2;2;0;0;2;0;0;33;2;0
5d306ad50568880299b2ddeb;AZ;FALSE;2;1;0;1;2;0;0;184;2;0
5d306ad50568880299b2dded;AZ;TRUE;2;2;0;0;2;0;0;15;2;0
5d306ad50568880299b2ddef;AZ;TRUE;2;2;0;0;2;0;0;22;2;0
5d306ad50568880299b2ddf1;AZ;TRUE;2;2;0;0;2;0;0;11;2;0
5d306ad50568880299b2ddf2;AZ;FALSE;2;2;0;0;0;0;2;123;2;0
5d306ad50568880299b2ddf5;AZ;FALSE;2;1;0;1;0;0;2;144;0;2
5d306ad50568880299b2ddf7;AZ;FALSE;2;2;0;0;0;0;2;15;2;0
5d306ad50568880299b2ddfe;AZ;FALSE;2;2;0;0;2;0;0;40;0;2
5d306ad50568880299b2de00;AZ;FALSE;2;2;0;0;2;0;0;584;2;0
5d306ad50568880299b2de0c;AZ;FALSE;2;2;0;0;1;0;1;1;2;0
5d306ad50568880299b2de17;AZ;FALSE;2;1;0;1;2;0;0;5;2;0
5d306ad50568880299b2de19;AZ;FALSE;2;2;0;0;2;0;0;23;2;0
5d306ad50568880299b2de1a;AZ;FALSE;2;0;0;2;2;0;0;0;2;0
5d306ad50568880299b2de2c;AZ;FALSE;2;2;0;0;2;0;0;55;2;0
5d306ad50568880299b2de3b;AZ;FALSE;2;2;0;0;2;0;0;4;2;0
5d306ad50568880299b2de3d;AZ;FALSE;2;2;0;0;2;0;0;9;2;0
5d306ad50568880299b2de40;RU;FALSE;2;2;0;0;2;0;0;10;2;0
5d306ad50568880299b2de4e;AZ;FALSE;2;1;0;1;2;0;0;36;2;0
5d306ad50568880299b2de5c;AZ;FALSE;2;2;0;0;2;0;0;28;2;0
5d306ad50568880299b2de64;AZ;FALSE;2;1;1;0;2;0;0;0;2;0
5d306ad50568880299b2de6b;AZ;FALSE;2;0;0;2;2;0;0;0;2;0
5d306ad40568880299b2da57;BR;FALSE;1;1;0;0;0;0;1;0;1;0
5d306ad40568880299b2da5d;RU;FALSE;1;1;0;0;1;0;0;0;1;0
5d306ad40568880299b2da5e;RU;FALSE;1;1;0;0;1;0;0;0;1;0
5d306ad40568880299b2da5f;RU;FALSE;1;1;0;0;0;0;1;0;1;0
5d306ad40568880299b2da60;UA;FALSE;1;1;0;0;1;0;0;0;1;0
5d306ad40568880299b2da61;RU;FALSE;1;0;0;1;0;0;1;0;1;0
5d306ad40568880299b2da63;RU;FALSE;1;1;0;0;0;0;1;0;1;0
5d306ad40568880299b2da64;RU;TRUE;1;1;0;0;1;0;0;0;1;0
5d306ad40568880299b2da65;BR;FALSE;1;0;0;0;0;0;1;0;1;0
5d306ad40568880299b2da66;RU;FALSE;1;0;0;1;1;0;0;0;1;0
5d306ad40568880299b2da68;UA;FALSE;1;1;0;0;1;0;0;0;1;0
5d306ad40568880299b2da69;IL;FALSE;1;1;0;0;1;0;0;0;1;0
5d306ad40568880299b2da6a;RU;FALSE;1;0;0;0;0;4;1;0;0;1
5d306ad40568880299b2da6c;RU;TRUE;1;1;0;0;1;0;0;0;1;0
5d306ad40568880299b2da6e;RU;FALSE;1;1;0;0;1;0;0;0;0;1
5d306ad40568880299b2da6f;RU;FALSE;1;1;0;0;1;0;0;0;1;0
5d306ad40568880299b2da70;SG;FALSE;1;0;0;1;0;0;1;0;1;0
5d306ad40568880299b2da73;RU;FALSE;1;1;0;0;0;0;1;0;1;0
5d306ad40568880299b2da76;MX;FALSE;1;1;0;0;0;0;1;0;0;1
5d306ad40568880299b2da77;RU;FALSE;1;0;0;0;0;1;1;0;1;0
5d306ad40568880299b2da78;RU;FALSE;1;1;0;0;0;0;1;0;1;0
5d306ad40568880299b2da7a;RU;FALSE;1;0;0;1;0;0;1;0;1;0
5d306ad40568880299b2da7b;RU;FALSE;1;0;0;1;0;0;1;0;1;0
5d306ad40568880299b2da7c;RU;FALSE;1;1;0;0;0;0;1;0;1;0
5d306ad40568880299b2da7d;RU;TRUE;1;0;0;1;0;0;1;0;1;0
5d306ad40568880299b2da7e;SG;FALSE;1;1;0;0;0;0;1;0;1;0
5d306ad40568880299b2da7f;BR;FALSE;1;1;0;0;1;0;0;0;1;0
5d306ad40568880299b2da80;RU;FALSE;1;1;0;0;1;0;0;0;1;0
5d306ad40568880299b2da82;RU;FALSE;1;1;0;0;0;0;1;0;1;0
5d306ad40568880299b2da85;RU;FALSE;1;1;0;0;0;0;1;0;1;0
5d306ad40568880299b2da87;RU;FALSE;1;0;0;1;1;0;0;0;1;0
5d306ad40568880299b2da89;RU;TRUE;1;0;0;1;0;0;1;0;1;0
5d306ad40568880299b2da8b;RU;FALSE;1;1;0;0;0;0;1;0;1;0
5d306ad40568880299b2da8c;BY;FALSE;1;1;0;0;1;0;0;0;1;0
5d306ad40568880299b2da8e;RU;FALSE;1;0;0;1;0;0;1;0;1;0
5d306ad40568880299b2da8f;AZ;FALSE;1;0;0;1;0;0;1;0;1;0
5d306ad40568880299b2da90;US;FALSE;1;1;0;0;0;0;1;0;1;0
5d306ad40568880299b2da91;MX;FALSE;1;0;0;1;1;0;0;0;1;0
5d306ad40568880299b2da92;RU;FALSE;1;0;0;1;0;0;1;0;1;0
5d306ad40568880299b2da94;RU;FALSE;1;0;1;0;1;0;0;0;1;0
5d306ad40568880299b2da95;MX;FALSE;1;1;0;0;0;0;1;0;0;1
5d306ad40568880299b2da96;RU;FALSE;1;0;0;1;1;0;0;0;1;0
5d306ad40568880299b2da97;RU;FALSE;1;1;0;0;0;0;1;0;1;0
5d306ad40568880299b2da98;RU;TRUE;1;1;0;0;1;0;0;0;1;0
5d306ad40568880299b2da99;RU;FALSE;1;1;0;0;0;0;1;0;1;0
5d306ad40568880299b2da9a;US;FALSE;1;1;0;0;0;0;1;0;1;0
5d306ad40568880299b2da9b;RU;TRUE;1;0;0;1;0;0;1;0;1;0
5d306ad40568880299b2da9c;RU;FALSE;1;0;0;1;1;0;0;0;1;0
5d306ad40568880299b2da9d;RU;FALSE;1;1;0;0;0;0;1;0;1;0
5d306ad40568880299b2da9f;RU;FALSE;1;1;0;0;0;0;1;0;1;0
5d306ad40568880299b2daa0;RU;FALSE;1;1;0;0;0;0;1;0;1;0
5d306ad40568880299b2daa4;RU;FALSE;1;0;1;0;0;0;1;0;1;0
5d306ad40568880299b2daa5;RU;FALSE;1;0;0;1;1;0;0;0;1;0
5d306ad40568880299b2daa6;RU;TRUE;1;0;0;1;1;0;0;0;1;0
5d306ad40568880299b2daa7;KR;FALSE;1;1;0;0;0;0;1;0;1;0
5d306ad40568880299b2daa8;RU;FALSE;1;0;0;1;0;1;1;0;1;0
5d306ad40568880299b2daa9;RU;FALSE;1;0;0;1;0;0;1;0;1;0
5d306ad40568880299b2daaa;RU;FALSE;1;0;0;1;1;0;0;0;1;0
5d306ad40568880299b2daad;RU;TRUE;1;1;0;0;0;0;1;0;1;0
5d306ad40568880299b2dab0;RU;FALSE;1;0;1;0;0;2;1;0;1;0
5d306ad40568880299b2dab1;RU;TRUE;1;1;0;0;0;0;1;0;1;0
5d306ad40568880299b2dab2;RU;FALSE;1;1;0;0;1;0;0;0;1;0
5d306ad40568880299b2dab5;BR;FALSE;1;0;1;0;1;0;0;0;1;0
5d306ad40568880299b2dab6;RU;FALSE;1;1;0;0;0;0;1;0;1;0
5d306ad40568880299b2dab7;RU;FALSE;1;0;0;1;0;0;1;0;1;0
5d306ad40568880299b2dab8;RU;FALSE;1;1;0;0;1;10;0;0;1;0
5d306ad40568880299b2dab9;RU;FALSE;1;1;0;0;0;0;1;0;1;0
5d306ad40568880299b2dabd;RU;FALSE;1;1;0;0;0;0;1;0;1;0
5d306ad40568880299b2dabe;RU;FALSE;1;1;0;0;1;0;0;0;1;0
5d306ad40568880299b2dabf;RU;FALSE;1;0;1;0;0;1;1;0;1;0
5d306ad40568880299b2dac2;RU;FALSE;1;1;0;0;0;0;1;0;1;0
5d306ad40568880299b2dac3;RU;FALSE;1;0;0;1;0;0;1;0;1;0
5d306ad40568880299b2dac4;RU;FALSE;1;1;0;0;0;0;1;0;1;0
5d306ad40568880299b2dac5;RU;FALSE;1;0;0;1;1;0;0;0;1;0
5d306ad40568880299b2dac6;RU;FALSE;1;1;0;0;1;0;0;0;1;0
5d306ad40568880299b2dac7;RU;FALSE;1;0;0;1;0;0;1;0;1;0
5d306ad40568880299b2dac8;RU;TRUE;1;1;0;0;0;0;1;0;1;0
5d306ad40568880299b2dacb;RU;FALSE;1;1;0;0;0;0;1;0;1;0
5d306ad40568880299b2dace;RU;FALSE;1;1;0;0;0;0;1;0;1;0
5d306ad40568880299b2dacf;RU;FALSE;1;1;0;0;1;0;0;0;1;0
5d306ad40568880299b2dad1;RU;FALSE;1;1;0;0;0;0;1;0;1;0
5d306ad40568880299b2dad2;MX;FALSE;1;0;0;1;1;0;0;0;1;0
5d306ad40568880299b2dad3;IN;FALSE;1;1;0;0;1;0;0;0;1;0
5d306ad40568880299b2dad4;KR;FALSE;1;0;0;1;0;0;1;0;1;0
5d306ad40568880299b2dad5;RU;FALSE;1;1;0;0;0;0;1;0;1;0
5d306ad40568880299b2dad8;RU;FALSE;1;1;0;0;0;0;1;0;1;0
5d306ad40568880299b2dad9;RU;TRUE;1;1;0;0;0;0;1;0;1;0
5d306ad40568880299b2dadb;RU;FALSE;1;1;0;0;1;0;0;0;1;0
5d306ad40568880299b2dade;RU;FALSE;1;1;0;0;0;0;1;0;1;0
5d306ad40568880299b2dae1;RU;FALSE;1;1;0;0;0;0;1;0;1;0
5d306ad40568880299b2dae2;RU;FALSE;1;1;0;0;0;0;1;0;1;0
5d306ad40568880299b2dae5;AZ;TRUE;1;1;0;0;1;0;0;0;1;0
5d306ad40568880299b2dae8;RU;FALSE;1;0;1;0;1;0;0;0;1;0
5d306ad40568880299b2dae9;KZ;FALSE;1;1;0;0;1;0;0;0;1;0
5d306ad40568880299b2daea;MX;FALSE;1;1;0;0;0;0;1;0;1;0
5d306ad40568880299b2daeb;RU;FALSE;1;1;0;0;1;0;0;0;1;0
5d306ad40568880299b2daec;RU;FALSE;1;1;0;0;1;0;0;0;1;0
5d306ad40568880299b2daed;RU;FALSE;1;1;0;0;1;0;0;0;1;0
5d306ad40568880299b2daee;RU;FALSE;1;1;0;0;1;0;0;0;1;0
5d306ad40568880299b2daf0;RU;FALSE;1;1;0;0;1;0;0;0;1;0
5d306ad40568880299b2daf1;RU;FALSE;1;1;0;0;0;0;1;0;1;0
5d306ad40568880299b2daf2;RU;FALSE;1;0;0;1;1;0;0;0;1;0
5d306ad40568880299b2daf3;RU;FALSE;1;0;0;1;0;0;1;0;1;0
5d306ad40568880299b2daf5;KZ;FALSE;1;1;0;0;0;0;1;0;1;0
5d306ad40568880299b2daf6;RU;FALSE;1;0;0;1;0;0;1;0;1;0
5d306ad40568880299b2daf7;RU;FALSE;1;1;0;0;1;0;0;0;1;0
5d306ad40568880299b2daf8;RU;FALSE;1;1;0;0;0;0;1;0;1;0
5d306ad40568880299b2dafb;RU;FALSE;1;0;0;0;1;0;0;0;1;0
5d306ad40568880299b2dafc;RU;FALSE;1;1;0;0;1;0;0;0;1;0
5d306ad40568880299b2dafe;RU;FALSE;1;1;0;0;0;0;1;0;1;0
5d306ad40568880299b2daff;RU;FALSE;1;0;0;1;1;0;0;0;1;0
5d306ad40568880299b2db01;RU;FALSE;1;0;0;1;0;0;1;0;1;0
5d306ad40568880299b2db02;KZ;FALSE;1;1;0;0;1;0;0;0;1;0
5d306ad40568880299b2db04;RU;FALSE;1;0;1;0;0;0;1;0;1;0
5d306ad40568880299b2db05;MX;FALSE;1;0;0;1;1;0;0;0;1;0
5d306ad40568880299b2db06;RU;TRUE;1;1;0;0;0;0;1;0;1;0
5d306ad40568880299b2db08;RU;TRUE;1;0;0;1;0;0;1;0;1;0
5d306ad40568880299b2db09;RU;FALSE;1;0;0;1;0;0;1;0;1;0
5d306ad40568880299b2db0c;RU;FALSE;1;1;0;0;0;0;1;0;1;0
5d306ad40568880299b2db0d;US;FALSE;1;1;0;0;1;0;0;0;1;0
5d306ad40568880299b2db0e;RU;FALSE;1;0;0;1;1;0;0;0;1;0
5d306ad40568880299b2db0f;RU;FALSE;1;1;0;0;0;0;1;0;1;0
5d306ad40568880299b2db10;RU;FALSE;1;1;0;0;0;0;1;0;1;0
5d306ad40568880299b2db11;RU;FALSE;1;1;0;0;0;0;1;0;1;0
5d306ad40568880299b2db12;CA;FALSE;1;1;0;0;0;0;1;0;1;0
5d306ad40568880299b2db13;RU;FALSE;1;1;0;0;0;0;1;0;1;0
5d306ad40568880299b2db14;RU;FALSE;1;0;0;1;0;0;1;0;1;0
5d306ad40568880299b2db17;BR;FALSE;1;0;1;0;1;0;0;0;1;0
5d306ad40568880299b2db18;RU;FALSE;1;1;0;0;1;0;0;0;1;0
5d306ad40568880299b2db19;RU;FALSE;1;1;0;0;1;0;0;0;1;0
5d306ad40568880299b2db1a;RU;FALSE;1;1;0;0;0;0;1;0;1;0
5d306ad40568880299b2db1c;RU;FALSE;1;0;0;1;0;0;1;0;1;0
5d306ad40568880299b2db1d;KZ;FALSE;1;0;0;1;0;0;1;0;1;0
5d306ad40568880299b2db1f;RU;FALSE;1;1;0;0;0;0;1;0;1;0
5d306ad40568880299b2db21;RU;TRUE;1;0;0;1;0;0;1;0;1;0
5d306ad40568880299b2db22;RU;FALSE;1;0;1;0;1;0;0;0;1;0
5d306ad40568880299b2db23;RU;FALSE;1;1;0;0;0;0;1;0;1;0
5d306ad40568880299b2db26;RU;FALSE;1;1;0;0;1;0;0;0;1;0
5d306ad40568880299b2db28;RU;TRUE;1;1;0;0;0;0;1;0;1;0
5d306ad40568880299b2db29;KZ;FALSE;1;0;0;1;0;0;1;0;1;0
5d306ad40568880299b2db2a;RU;FALSE;1;0;0;1;0;0;1;0;1;0
5d306ad40568880299b2db2b;RU;FALSE;1;0;0;1;1;0;0;0;1;0
5d306ad40568880299b2db2d;RU;FALSE;1;1;0;0;1;0;0;0;1;0
5d306ad40568880299b2db30;RU;FALSE;1;1;0;0;0;0;1;0;1;0
5d306ad40568880299b2db32;BR;FALSE;1;0;0;1;0;0;1;0;1;0
5d306ad40568880299b2db35;KZ;FALSE;1;0;0;1;1;0;0;0;1;0
5d306ad40568880299b2db36;ID;FALSE;1;1;0;0;1;0;0;0;0;1
5d306ad40568880299b2db38;RU;FALSE;1;1;0;0;1;0;0;0;1;0
5d306ad40568880299b2db3a;RU;FALSE;1;1;0;0;1;0;0;0;1;0
5d306ad40568880299b2db3b;ID;FALSE;1;0;0;1;0;0;1;0;1;0
5d306ad40568880299b2db3c;US;FALSE;1;0;0;1;0;0;1;0;1;0
5d306ad40568880299b2db3d;RU;FALSE;1;1;0;0;0;0;1;0;1;0
5d306ad40568880299b2db40;RU;FALSE;1;1;0;0;0;0;1;0;1;0
5d306ad40568880299b2db41;KZ;FALSE;1;1;0;0;1;0;0;0;1;0
5d306ad40568880299b2db42;KZ;FALSE;1;0;0;1;1;0;0;0;1;0
5d306ad40568880299b2db43;RU;FALSE;1;1;0;0;0;0;1;0;1;0
5d306ad40568880299b2db44;RU;TRUE;1;1;0;0;0;0;1;0;1;0
5d306ad40568880299b2db45;RU;FALSE;1;1;0;0;0;0;1;0;1;0
5d306ad40568880299b2db46;RU;FALSE;1;1;0;0;0;0;1;0;1;0
5d306ad40568880299b2db49;RU;FALSE;1;1;0;0;1;0;0;0;1;0
5d306ad40568880299b2db4a;RU;FALSE;1;1;0;0;0;0;1;0;1;0
5d306ad40568880299b2db4b;MY;FALSE;1;1;0;0;0;0;1;0;1;0
5d306ad40568880299b2db4d;RU;FALSE;1;1;0;0;0;0;1;0;1;0
5d306ad40568880299b2db4f;RU;FALSE;1;0;0;1;1;0;0;0;1;0
5d306ad40568880299b2db50;RU;FALSE;1;1;0;0;0;0;1;0;1;0
5d306ad40568880299b2db51;RU;FALSE;1;0;1;0;0;0;1;0;1;0
5d306ad40568880299b2db52;RU;FALSE;1;0;0;1;0;0;1;0;1;0
5d306ad40568880299b2db53;US;FALSE;1;0;0;1;0;0;1;0;1;0
5d306ad40568880299b2db54;KZ;TRUE;1;0;0;1;1;0;0;0;1;0
5d306ad40568880299b2db55;BR;FALSE;1;0;0;1;1;0;0;0;1;0
5d306ad40568880299b2db56;RU;FALSE;1;0;0;1;0;0;1;0;1;0
5d306ad40568880299b2db57;BR;FALSE;1;1;0;0;0;0;1;0;1;0
5d306ad40568880299b2db58;RU;FALSE;1;1;0;0;1;0;0;0;1;0
5d306ad40568880299b2db5a;RU;TRUE;1;1;0;0;1;0;0;0;1;0
5d306ad40568880299b2db5b;AZ;FALSE;1;1;0;0;1;0;0;0;1;0
5d306ad40568880299b2db5c;RU;FALSE;1;0;1;0;0;0;1;0;1;0
5d306ad40568880299b2db5e;RU;FALSE;1;1;0;0;0;0;1;0;1;0
5d306ad40568880299b2db5f;BR;FALSE;1;0;1;0;1;0;0;0;1;0
5d306ad40568880299b2db60;US;FALSE;1;0;0;1;0;0;1;0;1;0
5d306ad40568880299b2db61;RU;FALSE;1;1;0;0;1;0;0;0;1;0
5d306ad40568880299b2db62;RU;TRUE;1;1;0;0;1;0;0;0;1;0
5d306ad40568880299b2db63;US;FALSE;1;0;0;1;0;0;1;0;1;0
5d306ad40568880299b2db64;RU;FALSE;1;0;0;1;0;0;1;0;1;0
5d306ad40568880299b2db66;RU;FALSE;1;0;0;1;0;0;1;0;1;0
5d306ad40568880299b2db67;RU;FALSE;1;0;0;1;1;0;0;0;1;0
5d306ad40568880299b2db68;RU;FALSE;1;0;0;0;0;1;1;0;1;0
5d306ad40568880299b2db69;RU;FALSE;1;0;0;1;1;0;0;0;1;0
5d306ad40568880299b2db6b;ID;FALSE;1;0;0;1;0;0;1;0;1;0
5d306ad40568880299b2db6c;RU;FALSE;1;0;0;1;0;0;1;0;1;0
5d306ad40568880299b2db6e;BR;FALSE;1;0;0;0;0;0;1;0;1;0
5d306ad40568880299b2db6f;US;FALSE;1;1;0;0;0;0;1;0;1;0
5d306ad40568880299b2db70;BR;FALSE;1;0;0;1;1;0;0;0;1;0
5d306ad40568880299b2db71;RU;TRUE;1;1;0;0;1;0;0;0;1;0
5d306ad40568880299b2db72;US;FALSE;1;0;0;1;0;0;1;0;1;0
5d306ad40568880299b2db73;RU;FALSE;1;1;0;0;0;0;1;0;1;0
5d306ad40568880299b2db74;RU;FALSE;1;1;0;0;0;1;1;0;1;0
5d306ad40568880299b2db75;MX;FALSE;1;0;0;1;1;0;0;0;1;0
5d306ad40568880299b2db76;KZ;FALSE;1;0;0;1;1;0;0;0;1;0
5d306ad40568880299b2db77;SG;FALSE;1;1;0;0;0;0;1;0;1;0
5d306ad40568880299b2db79;RU;TRUE;1;1;0;0;0;0;1;0;1;0
5d306ad40568880299b2db7a;RU;FALSE;1;1;0;0;1;0;0;0;1;0
5d306ad40568880299b2db7b;RU;FALSE;1;1;0;0;0;1;1;0;1;0
5d306ad40568880299b2db7c;RU;FALSE;1;0;0;1;0;0;1;0;1;0
5d306ad40568880299b2db7e;RU;FALSE;1;0;0;0;0;9;1;0;0;1
5d306ad40568880299b2db7f;MX;FALSE;1;1;0;0;0;0;1;0;1;0
5d306ad40568880299b2db80;RU;FALSE;1;0;0;1;0;0;1;0;1;0
5d306ad40568880299b2db81;RU;FALSE;1;1;0;0;1;0;0;0;1;0
5d306ad40568880299b2db82;RU;FALSE;1;0;1;0;1;0;0;0;1;0
5d306ad40568880299b2db83;UA;FALSE;1;1;0;0;1;0;0;0;1;0
5d306ad40568880299b2db86;RU;FALSE;1;1;0;0;1;0;0;0;1;0
5d306ad40568880299b2db87;IN;FALSE;1;0;0;1;1;0;0;0;1;0
5d306ad40568880299b2db88;RU;FALSE;1;1;0;0;0;0;1;0;1;0
5d306ad40568880299b2db8a;RU;FALSE;1;0;0;1;0;0;1;0;1;0
5d306ad40568880299b2db8b;RU;FALSE;1;0;0;1;0;0;1;0;1;0
5d306ad40568880299b2db8c;RU;FALSE;1;1;0;0;0;0;1;0;1;0
5d306ad40568880299b2db8d;RU;FALSE;1;0;0;1;0;0;1;0;1;0
5d306ad40568880299b2db8e;RU;TRUE;1;1;0;0;0;0;1;0;1;0
5d306ad40568880299b2db8f;RU;FALSE;1;0;0;1;1;0;0;0;1;0
5d306ad40568880299b2db91;RU;FALSE;1;1;0;0;1;0;0;0;1;0
5d306ad40568880299b2db92;MX;FALSE;1;1;0;0;0;0;1;0;1;0
5d306ad40568880299b2db94;RU;FALSE;1;0;0;1;1;0;0;0;1;0
5d306ad40568880299b2db95;RU;FALSE;1;1;0;0;0;0;1;0;1;0
5d306ad40568880299b2db96;RU;TRUE;1;1;0;0;0;0;1;0;1;0
5d306ad40568880299b2db97;RU;TRUE;1;1;0;0;1;0;0;0;1;0
5d306ad40568880299b2db98;RU;FALSE;1;0;1;0;0;0;1;0;1;0
5d306ad40568880299b2db99;RU;FALSE;1;0;0;1;0;0;1;0;1;0
5d306ad40568880299b2db9a;RU;FALSE;1;1;0;0;1;0;0;0;1;0
5d306ad40568880299b2db9b;RU;FALSE;1;1;0;0;1;0;0;0;1;0
5d306ad40568880299b2db9c;RU;TRUE;1;1;0;0;0;0;1;0;1;0
5d306ad40568880299b2db9d;RU;FALSE;1;1;0;0;1;0;0;0;1;0
5d306ad40568880299b2db9e;RU;FALSE;1;1;0;0;0;0;1;0;1;0
5d306ad40568880299b2db9f;RU;FALSE;1;0;0;1;1;0;0;0;1;0
5d306ad40568880299b2dba0;RU;FALSE;1;0;0;1;1;0;0;0;1;0
5d306ad40568880299b2dba1;UA;FALSE;1;1;0;0;1;0;0;0;1;0
5d306ad40568880299b2dba2;ID;FALSE;1;1;0;0;0;0;1;0;1;0
5d306ad40568880299b2dba3;RU;FALSE;1;1;0;0;0;0;1;0;1;0
5d306ad40568880299b2dba4;RU;FALSE;1;0;0;1;1;0;0;0;1;0
5d306ad40568880299b2dba6;AZ;FALSE;1;1;0;0;1;0;0;0;1;0
5d306ad40568880299b2dba7;BY;FALSE;1;1;0;0;1;0;0;0;1;0
5d306ad40568880299b2dba8;AZ;FALSE;1;0;0;1;1;0;0;0;1;0
5d306ad40568880299b2dba9;RU;FALSE;1;0;0;1;1;0;0;0;1;0
5d306ad40568880299b2dbaa;RU;FALSE;1;0;0;1;0;0;1;0;1;0
5d306ad40568880299b2dbac;RU;FALSE;1;1;0;0;1;0;0;0;1;0
5d306ad40568880299b2dbad;RU;FALSE;1;1;0;0;0;0;1;0;1;0
5d306ad40568880299b2dbae;RU;TRUE;1;0;0;1;1;0;0;0;1;0
5d306ad40568880299b2dbaf;KZ;TRUE;1;1;0;0;1;0;0;0;1;0
5d306ad40568880299b2dbb0;RU;FALSE;1;0;0;1;1;0;0;0;1;0
5d306ad40568880299b2dbb1;RU;FALSE;1;0;0;1;1;0;0;0;1;0
5d306ad40568880299b2dbb3;RU;TRUE;1;0;0;1;1;0;0;0;1;0
5d306ad40568880299b2dbb4;RU;FALSE;1;0;0;1;1;0;0;0;1;0
5d306ad40568880299b2dbb5;RU;FALSE;1;1;0;0;1;0;0;0;1;0
5d306ad40568880299b2dbb6;MX;FALSE;1;1;0;0;0;0;1;0;1;0
5d306ad40568880299b2dbb8;RU;FALSE;1;0;0;1;1;0;0;0;1;0
5d306ad40568880299b2dbb9;MX;FALSE;1;0;0;1;1;0;0;0;1;0
5d306ad40568880299b2dbba;RU;FALSE;1;0;0;1;0;0;1;0;1;0
5d306ad40568880299b2dbbc;RU;FALSE;1;0;0;1;0;0;1;0;1;0
5d306ad40568880299b2dbbd;RU;FALSE;1;0;0;1;0;0;1;0;1;0
5d306ad40568880299b2dbbe;KZ;FALSE;1;1;0;0;1;0;0;0;1;0
5d306ad40568880299b2dbbf;RU;FALSE;1;0;0;1;0;0;1;0;0;1
5d306ad40568880299b2dbc0;RU;FALSE;1;0;0;1;0;0;1;0;1;0
5d306ad40568880299b2dbc1;RU;FALSE;1;0;1;0;0;0;1;0;1;0
5d306ad40568880299b2dbc2;RU;FALSE;1;1;0;0;0;0;1;0;1;0
5d306ad40568880299b2dbc3;RU;FALSE;1;1;0;0;0;0;1;0;1;0
5d306ad40568880299b2dbc4;RU;FALSE;1;1;0;0;0;0;1;0;1;0
5d306ad40568880299b2dbc5;RU;FALSE;1;1;0;0;0;0;1;0;1;0
5d306ad40568880299b2dbc6;RU;FALSE;1;1;0;0;0;0;1;0;1;0
5d306ad40568880299b2dbc8;RU;FALSE;1;1;0;0;0;0;1;0;1;0
5d306ad40568880299b2dbc9;RU;FALSE;1;1;0;0;1;0;0;0;1;0
5d306ad40568880299b2dbca;MX;FALSE;1;0;0;1;0;0;1;0;0;1
5d306ad40568880299b2dbcc;MX;FALSE;1;0;0;1;1;0;0;0;1;0
5d306ad40568880299b2dbcd;RU;FALSE;1;1;0;0;1;0;0;0;1;0
5d306ad40568880299b2dbce;RU;FALSE;1;1;0;0;0;0;1;0;1;0
5d306ad40568880299b2dbcf;RU;FALSE;1;0;0;1;1;1;0;0;1;0
5d306ad40568880299b2dbd0;KR;FALSE;1;0;0;1;0;0;1;0;1;0
5d306ad40568880299b2dbd1;RU;FALSE;1;1;0;0;1;0;0;0;1;0
5d306ad40568880299b2dbd2;RU;FALSE;1;0;0;1;1;0;0;0;1;0
5d306ad40568880299b2dbd3;RU;TRUE;1;1;0;0;0;0;1;0;1;0
5d306ad40568880299b2dbd4;RU;FALSE;1;0;0;1;0;0;1;0;1;0
5d306ad40568880299b2dbd5;RU;FALSE;1;1;0;0;0;0;1;0;1;0
5d306ad40568880299b2dbd6;BR;FALSE;1;0;0;1;1;0;0;0;1;0
5d306ad40568880299b2dbd7;RU;FALSE;1;1;0;0;0;0;1;0;1;0
5d306ad40568880299b2dbd8;RU;FALSE;1;1;0;0;1;0;0;0;1;0
5d306ad40568880299b2dbd9;RU;FALSE;1;1;0;0;0;0;1;0;1;0
5d306ad40568880299b2dbda;RU;FALSE;1;0;0;1;0;0;1;0;1;0
5d306ad40568880299b2dbdb;RU;FALSE;1;1;0;0;1;0;0;0;1;0
5d306ad40568880299b2dbdc;KZ;FALSE;1;1;0;0;1;0;0;0;1;0
5d306ad40568880299b2dbdd;RU;FALSE;1;1;0;0;0;0;1;0;1;0
5d306ad40568880299b2dbdf;KZ;FALSE;1;1;0;0;0;0;1;0;1;0
5d306ad40568880299b2dbe0;RU;FALSE;1;0;0;1;1;0;0;0;1;0
5d306ad40568880299b2dbe2;RU;FALSE;1;0;0;1;0;0;1;0;1;0
5d306ad40568880299b2dbe3;RU;FALSE;1;1;0;0;0;0;1;0;1;0
5d306ad40568880299b2dbe5;RU;TRUE;1;1;0;0;0;0;1;0;1;0
5d306ad40568880299b2dbe6;RU;FALSE;1;0;0;1;1;0;0;0;1;0
5d306ad40568880299b2dbe7;RU;FALSE;1;1;0;0;0;0;1;0;1;0
5d306ad40568880299b2dbe8;RU;TRUE;1;1;0;0;1;0;0;0;1;0
5d306ad40568880299b2dbe9;RU;FALSE;1;1;0;0;0;0;1;0;1;0
5d306ad40568880299b2dbea;RU;FALSE;1;0;0;1;1;0;0;0;1;0
5d306ad40568880299b2dbec;RU;FALSE;1;1;0;0;0;0;1;0;1;0
5d306ad40568880299b2dbed;RU;FALSE;1;1;0;0;0;0;1;0;1;0
5d306ad40568880299b2dbee;RU;FALSE;1;0;0;1;1;0;0;0;1;0
5d306ad40568880299b2dbef;KZ;FALSE;1;1;0;0;0;0;1;0;1;0
5d306ad40568880299b2dbf0;RU;FALSE;1;1;0;0;1;0;0;0;1;0
5d306ad40568880299b2dbf1;RU;FALSE;1;1;0;0;1;0;0;0;1;0
5d306ad40568880299b2dbf2;RU;TRUE;1;1;0;0;1;0;0;0;1;0
5d306ad40568880299b2dbf3;RU;FALSE;1;1;0;0;0;0;1;0;1;0
5d306ad40568880299b2dbf4;RU;FALSE;1;1;0;0;0;0;1;0;1;0
5d306ad40568880299b2dbf6;RU;FALSE;1;1;0;0;0;0;1;0;1;0
5d306ad40568880299b2dbf7;RU;FALSE;1;0;0;1;0;0;1;0;1;0
5d306ad40568880299b2dbf9;RU;FALSE;1;0;0;1;0;0;1;0;1;0
5d306ad40568880299b2dbfb;KZ;FALSE;1;1;0;0;0;0;1;0;1;0
5d306ad40568880299b2dbfc;RU;FALSE;1;0;0;1;0;0;1;0;1;0
5d306ad40568880299b2dbfe;RU;FALSE;1;0;1;0;1;0;0;0;1;0
5d306ad40568880299b2dbff;BR;FALSE;1;1;0;0;1;0;0;0;1;0
5d306ad40568880299b2dc00;KZ;TRUE;1;1;0;0;1;0;0;0;1;0
5d306ad40568880299b2dc01;RU;FALSE;1;1;0;0;1;0;0;0;1;0
5d306ad40568880299b2dc02;RU;FALSE;1;1;0;0;0;0;1;0;1;0
5d306ad40568880299b2dc03;RU;FALSE;1;0;0;1;1;0;0;0;1;0
5d306ad40568880299b2dc04;RU;FALSE;1;1;0;0;0;0;1;0;1;0
5d306ad40568880299b2dc05;RU;FALSE;1;1;0;0;1;0;0;0;1;0
5d306ad40568880299b2dc07;RU;FALSE;1;0;1;0;0;1;1;0;1;0
5d306ad40568880299b2dc08;RU;TRUE;1;1;0;0;1;0;0;0;1;0
5d306ad40568880299b2dc09;RU;FALSE;1;1;0;0;0;0;1;0;1;0
5d306ad40568880299b2dc0a;RU;FALSE;1;0;0;1;1;0;0;0;1;0
5d306ad40568880299b2dc0b;RU;TRUE;1;1;0;0;0;0;1;0;1;0
5d306ad40568880299b2dc0d;RU;FALSE;1;1;0;0;0;0;1;0;1;0
5d306ad40568880299b2dc0e;RU;FALSE;1;0;0;1;0;0;1;0;1;0
5d306ad40568880299b2dc0f;RU;FALSE;1;0;0;1;0;0;1;0;1;0
5d306ad40568880299b2dc10;RU;FALSE;1;0;0;1;0;0;1;0;1;0
5d306ad40568880299b2dc11;RU;FALSE;1;0;0;1;0;2;1;0;1;0
5d306ad40568880299b2dc12;RU;FALSE;1;1;0;0;1;0;0;0;1;0
5d306ad40568880299b2dc13;RU;FALSE;1;0;0;1;1;0;0;0;1;0
5d306ad40568880299b2dc14;KZ;TRUE;1;0;1;0;1;0;0;0;1;0
5d306ad40568880299b2dc15;RU;FALSE;1;1;0;0;0;2;1;0;1;0
5d306ad40568880299b2dc16;RU;TRUE;1;0;0;1;1;0;0;0;1;0
5d306ad40568880299b2dc17;KZ;FALSE;1;1;0;0;1;0;0;0;1;0
5d306ad40568880299b2dc18;RU;FALSE;1;1;0;0;0;0;1;0;1;0
5d306ad40568880299b2dc19;RU;FALSE;1;0;0;1;1;0;0;0;1;0
5d306ad40568880299b2dc1a;RU;FALSE;1;0;0;1;1;0;0;0;1;0
5d306ad40568880299b2dc1b;RU;FALSE;1;1;0;0;0;0;1;0;1;0
5d306ad40568880299b2dc1c;RU;TRUE;1;1;0;0;1;0;0;0;1;0
5d306ad40568880299b2dc1d;RU;FALSE;1;0;0;1;0;0;1;0;1;0
5d306ad40568880299b2dc1e;RU;FALSE;1;1;0;0;0;0;1;0;1;0
5d306ad40568880299b2dc1f;RU;FALSE;1;0;0;1;0;0;1;0;1;0
5d306ad40568880299b2dc20;RU;FALSE;1;1;0;0;0;0;1;0;1;0
5d306ad40568880299b2dc22;RU;FALSE;1;1;0;0;0;7;1;0;1;0
5d306ad40568880299b2dc23;RU;FALSE;1;1;0;0;1;0;0;0;1;0
5d306ad40568880299b2dc24;KZ;FALSE;1;1;0;0;1;0;0;0;1;0
5d306ad40568880299b2dc25;RU;FALSE;1;1;0;0;0;0;1;0;1;0
5d306ad40568880299b2dc26;MX;FALSE;1;0;0;1;1;0;0;0;1;0
5d306ad40568880299b2dc27;RU;FALSE;1;0;0;1;1;0;0;0;1;0
5d306ad40568880299b2dc28;KZ;FALSE;1;0;0;1;1;0;0;0;1;0
5d306ad40568880299b2dc29;RU;FALSE;1;0;0;1;0;0;1;0;1;0
5d306ad40568880299b2dc2a;RU;FALSE;1;0;1;0;1;0;0;0;1;0
5d306ad40568880299b2dc2b;RU;FALSE;1;1;0;0;0;0;1;0;0;1
5d306ad40568880299b2dc2c;RU;FALSE;1;1;0;0;1;0;0;0;1;0
5d306ad40568880299b2dc2d;RU;FALSE;1;0;0;1;1;0;0;0;1;0
5d306ad40568880299b2dc2e;RU;FALSE;1;1;0;0;0;0;1;0;1;0
5d306ad40568880299b2dc30;AM;FALSE;1;1;0;0;1;0;0;0;1;0
5d306ad40568880299b2dc31;RU;FALSE;1;0;0;1;0;0;1;0;1;0
5d306ad40568880299b2dc32;KZ;FALSE;1;1;0;0;0;0;1;0;0;1
5d306ad40568880299b2dc33;RU;FALSE;1;1;0;0;0;0;1;0;1;0
5d306ad40568880299b2dc34;MX;FALSE;1;0;0;1;1;0;0;0;1;0
5d306ad40568880299b2dc35;MX;FALSE;1;0;0;1;1;0;0;0;1;0
5d306ad40568880299b2dc36;RU;FALSE;1;0;0;1;1;0;0;0;1;0
5d306ad40568880299b2dc37;RU;TRUE;1;1;0;0;0;0;1;0;1;0
5d306ad40568880299b2dc39;RU;FALSE;1;1;0;0;0;0;1;0;1;0
5d306ad40568880299b2dc3a;RU;TRUE;1;0;0;1;0;0;1;0;1;0
5d306ad40568880299b2dc3b;RU;FALSE;1;0;0;1;1;0;0;0;1;0
5d306ad40568880299b2dc3c;ID;FALSE;1;1;0;0;1;0;0;0;1;0
5d306ad40568880299b2dc3d;RU;TRUE;1;0;1;0;1;0;0;0;1;0
5d306ad40568880299b2dc3e;RU;FALSE;1;0;0;1;0;0;1;0;1;0
5d306ad40568880299b2dc3f;RU;FALSE;1;1;0;0;0;0;1;0;1;0
5d306ad40568880299b2dc40;RU;FALSE;1;0;0;1;0;0;1;0;1;0
5d306ad40568880299b2dc41;RU;FALSE;1;1;0;0;1;0;0;0;1;0
5d306ad40568880299b2dc43;BR;FALSE;1;0;1;0;1;0;0;0;1;0
5d306ad40568880299b2dc45;RU;FALSE;1;1;0;0;0;0;1;0;1;0
5d306ad40568880299b2dc46;RU;FALSE;1;0;0;1;1;0;0;0;1;0
5d306ad40568880299b2dc47;RU;FALSE;1;1;0;0;0;0;1;0;1;0
5d306ad40568880299b2dc48;RU;FALSE;1;1;0;0;0;0;1;0;1;0
5d306ad40568880299b2dc4a;RU;FALSE;1;1;0;0;0;0;1;0;1;0
5d306ad40568880299b2dc4b;RU;TRUE;1;1;0;0;1;0;0;0;1;0
5d306ad40568880299b2dc4c;RU;FALSE;1;1;0;0;0;0;1;0;1;0
5d306ad40568880299b2dc4d;BR;FALSE;1;0;0;0;1;0;0;0;1;0
5d306ad40568880299b2dc4e;RU;FALSE;1;1;0;0;0;0;1;0;1;0
5d306ad40568880299b2dc4f;RU;FALSE;1;0;0;1;0;0;1;0;1;0
5d306ad40568880299b2dc50;RU;FALSE;1;1;0;0;1;0;0;0;1;0
5d306ad40568880299b2dc51;MX;FALSE;1;0;0;0;0;0;1;0;1;0
5d306ad40568880299b2dc52;RU;FALSE;1;1;0;0;1;0;0;0;1;0
5d306ad40568880299b2dc53;RU;FALSE;1;1;0;0;1;0;0;0;1;0
5d306ad40568880299b2dc54;RU;FALSE;1;1;0;0;0;0;1;0;1;0
5d306ad40568880299b2dc55;RU;TRUE;1;1;0;0;1;0;0;0;1;0
5d306ad40568880299b2dc56;RU;FALSE;1;1;0;0;1;0;0;0;1;0
5d306ad40568880299b2dc57;RU;FALSE;1;1;0;0;0;0;1;0;1;0
5d306ad40568880299b2dc58;RU;FALSE;1;1;0;0;0;0;1;0;1;0
5d306ad40568880299b2dc59;ID;FALSE;1;1;0;0;0;0;1;0;1;0
5d306ad40568880299b2dc5a;RU;FALSE;1;1;0;0;1;0;0;0;1;0
5d306ad40568880299b2dc5b;RU;FALSE;1;1;0;0;0;0;1;0;1;0
5d306ad40568880299b2dc5c;RU;FALSE;1;1;0;0;0;0;1;0;1;0
5d306ad40568880299b2dc5d;RU;FALSE;1;1;0;0;0;0;1;0;1;0
5d306ad40568880299b2dc5e;KZ;FALSE;1;1;0;0;0;0;1;0;1;0
5d306ad40568880299b2dc5f;MX;FALSE;1;0;0;1;1;0;0;0;1;0
5d306ad40568880299b2dc60;MX;FALSE;1;0;0;1;1;0;0;0;1;0
5d306ad40568880299b2dc61;AZ;FALSE;1;0;0;1;1;0;0;0;1;0
5d306ad40568880299b2dc62;RU;FALSE;1;1;0;0;1;0;0;0;1;0
5d306ad40568880299b2dc63;RU;FALSE;1;0;0;0;0;0;1;0;0;1
5d306ad40568880299b2dc64;RU;FALSE;1;0;0;1;0;0;1;0;1;0
5d306ad40568880299b2dc66;RU;FALSE;1;0;0;1;0;0;1;0;1;0
5d306ad40568880299b2dc67;GE;FALSE;1;1;0;0;1;0;0;0;1;0
5d306ad40568880299b2dc68;BR;FALSE;1;0;0;1;1;0;0;0;1;0
5d306ad40568880299b2dc69;RU;FALSE;1;1;0;0;1;0;0;0;1;0
5d306ad40568880299b2dc6a;SG;FALSE;1;0;0;1;0;0;1;0;1;0
5d306ad40568880299b2dc6b;BR;FALSE;1;0;0;1;1;0;0;0;1;0
5d306ad40568880299b2dc6c;RU;FALSE;1;1;0;0;1;0;0;0;1;0
5d306ad40568880299b2dc6d;RU;FALSE;1;1;0;0;0;0;1;0;1;0
5d306ad40568880299b2dc6e;RU;FALSE;1;0;0;1;0;0;1;0;1;0
5d306ad40568880299b2dc6f;BR;FALSE;1;1;0;0;1;0;0;0;1;0
5d306ad40568880299b2dc70;RU;FALSE;1;0;0;1;0;0;1;0;1;0
5d306ad40568880299b2dc71;RU;FALSE;1;0;1;0;1;0;0;0;1;0
5d306ad40568880299b2dc72;RU;FALSE;1;1;0;0;1;0;0;0;1;0
5d306ad40568880299b2dc73;RU;FALSE;1;1;0;0;0;0;1;0;1;0
5d306ad40568880299b2dc74;RU;FALSE;1;0;0;1;1;0;0;0;1;0
5d306ad40568880299b2dc75;RU;FALSE;1;1;0;0;0;0;1;0;1;0
5d306ad40568880299b2dc76;ID;FALSE;1;0;0;1;0;0;1;0;1;0
5d306ad40568880299b2dc77;RU;FALSE;1;1;0;0;0;0;1;0;1;0
5d306ad40568880299b2dc78;RU;FALSE;1;0;0;1;0;0;1;0;1;0
5d306ad40568880299b2dc79;RU;FALSE;1;0;0;1;0;0;1;0;1;0
5d306ad40568880299b2dc7a;RU;FALSE;1;1;0;0;0;0;1;0;1;0
5d306ad40568880299b2dc7b;RU;FALSE;1;0;0;1;1;0;0;0;1;0
5d306ad40568880299b2dc7c;RU;FALSE;1;0;0;1;1;0;0;0;1;0
5d306ad40568880299b2dc7d;RU;FALSE;1;1;0;0;0;0;1;0;1;0
5d306ad40568880299b2dc7e;RU;FALSE;1;1;0;0;1;0;0;0;1;0
5d306ad40568880299b2dc7f;GE;FALSE;1;0;0;1;1;0;0;0;1;0
5d306ad40568880299b2dc80;RU;FALSE;1;1;0;0;0;0;1;0;0;1
5d306ad40568880299b2dc81;RU;FALSE;1;0;0;1;0;0;1;0;1;0
5d306ad40568880299b2dc82;RU;FALSE;1;0;0;1;0;0;1;0;1;0
5d306ad40568880299b2dc83;RU;FALSE;1;0;0;1;0;0;1;0;0;1
5d306ad40568880299b2dc84;RU;FALSE;1;1;0;0;1;0;0;0;1;0
5d306ad40568880299b2dc85;US;FALSE;1;1;0;0;0;0;1;0;1;0
5d306ad40568880299b2dc86;RU;FALSE;1;1;0;0;1;0;0;0;1;0
5d306ad40568880299b2dc87;MX;FALSE;1;1;0;0;1;0;0;0;1;0
5d306ad40568880299b2dc88;RU;FALSE;1;1;0;0;0;0;1;0;1;0
5d306ad40568880299b2dc89;BR;FALSE;1;0;1;0;1;0;0;0;1;0
5d306ad40568880299b2dc8a;RU;FALSE;1;1;0;0;0;0;1;0;1;0
5d306ad40568880299b2dc8b;UA;TRUE;1;0;0;1;1;0;0;0;1;0
5d306ad40568880299b2dc8c;RU;FALSE;1;0;1;0;0;0;1;0;1;0
5d306ad40568880299b2dc8d;RU;TRUE;1;1;0;0;1;0;0;0;1;0
5d306ad40568880299b2dc8e;RU;FALSE;1;0;1;0;0;2;1;0;1;0
5d306ad40568880299b2dc8f;RU;FALSE;1;1;0;0;0;0;1;0;1;0
5d306ad40568880299b2dc90;RU;FALSE;1;1;0;0;1;0;0;0;1;0
5d306ad40568880299b2dc91;RU;FALSE;1;1;0;0;0;0;1;0;1;0
5d306ad40568880299b2dc92;RU;TRUE;1;0;0;1;0;0;1;0;1;0
5d306ad40568880299b2dc93;RU;FALSE;1;1;0;0;1;0;0;0;1;0
5d306ad40568880299b2dc94;RU;FALSE;1;1;0;0;1;0;0;0;1;0
5d306ad40568880299b2dc95;RU;FALSE;1;1;0;0;1;0;0;0;1;0
5d306ad40568880299b2dc96;RU;FALSE;1;1;0;0;0;0;1;0;1;0
5d306ad40568880299b2dc97;KZ;FALSE;1;0;0;1;0;0;1;0;0;1
5d306ad40568880299b2dc98;RU;FALSE;1;1;0;0;0;3;1;0;1;0
5d306ad40568880299b2dc99;RU;FALSE;1;1;0;0;1;0;0;0;1;0
5d306ad40568880299b2dc9a;MX;FALSE;1;1;0;0;1;0;0;0;1;0
5d306ad40568880299b2dc9b;KZ;FALSE;1;0;0;1;1;0;0;0;1;0
5d306ad40568880299b2dc9c;RU;FALSE;1;0;1;0;0;0;1;0;1;0
5d306ad40568880299b2dc9d;MX;FALSE;1;0;0;1;0;0;1;0;1;0
5d306ad40568880299b2dc9e;RU;FALSE;1;0;0;1;1;0;0;0;1;0
5d306ad40568880299b2dc9f;RU;FALSE;1;1;0;0;0;0;1;0;1;0
5d306ad40568880299b2dca0;RU;FALSE;1;0;0;1;0;0;1;0;1;0
5d306ad40568880299b2dca2;RU;FALSE;1;1;0;0;0;0;1;0;1;0
5d306ad40568880299b2dca3;RU;FALSE;1;0;0;1;1;0;0;0;1;0
5d306ad40568880299b2dca4;RU;TRUE;1;1;0;0;1;0;0;0;1;0
5d306ad40568880299b2dca5;US;TRUE;1;1;0;0;0;0;1;0;1;0
5d306ad40568880299b2dca6;RU;FALSE;1;1;0;0;0;0;1;0;1;0
5d306ad40568880299b2dca7;ID;TRUE;1;0;0;0;0;0;1;0;1;0
5d306ad40568880299b2dca8;RU;FALSE;1;1;0;0;0;0;1;0;1;0
5d306ad40568880299b2dca9;RU;FALSE;1;0;0;1;1;0;0;0;1;0
5d306ad40568880299b2dcaa;TR;FALSE;1;1;0;0;1;0;0;0;1;0
5d306ad40568880299b2dcab;RU;FALSE;1;1;0;0;1;0;0;0;1;0
5d306ad40568880299b2dcac;RU;FALSE;1;1;0;0;0;0;1;0;1;0
5d306ad40568880299b2dcad;RU;FALSE;1;1;0;0;1;0;0;0;1;0
5d306ad40568880299b2dcae;RU;FALSE;1;0;0;1;0;0;1;0;1;0
5d306ad40568880299b2dcaf;RU;FALSE;1;0;0;1;0;0;1;0;1;0
5d306ad40568880299b2dcb0;RU;FALSE;1;1;0;0;1;0;0;0;1;0
5d306ad40568880299b2dcb1;RU;FALSE;1;0;0;1;0;0;1;0;1;0
5d306ad40568880299b2dcb2;RU;FALSE;1;1;0;0;0;0;1;0;1;0
5d306ad40568880299b2dcb3;RU;FALSE;1;1;0;0;0;0;1;0;1;0
5d306ad40568880299b2dcb4;UA;FALSE;1;1;0;0;1;0;0;0;1;0
5d306ad40568880299b2dcb5;RU;FALSE;1;1;0;0;1;0;0;0;1;0
5d306ad40568880299b2dcb6;RU;TRUE;1;0;0;1;1;0;0;0;1;0
5d306ad40568880299b2dcb7;RU;FALSE;1;1;0;0;0;0;1;0;1;0
5d306ad40568880299b2dcb8;RU;FALSE;1;0;0;1;0;0;1;0;1;0
5d306ad40568880299b2dcb9;RU;FALSE;1;1;0;0;0;0;1;0;1;0
5d306ad40568880299b2dcba;RU;FALSE;1;1;0;0;1;0;0;0;1;0
5d306ad40568880299b2dcbb;KR;FALSE;1;1;0;0;0;0;1;0;1;0
5d306ad40568880299b2dcbd;AZ;FALSE;1;1;0;0;1;0;0;0;1;0
5d306ad40568880299b2dcbe;AZ;TRUE;1;0;0;1;1;0;0;0;1;0
5d306ad40568880299b2dcbf;AZ;TRUE;1;1;0;0;0;0;1;0;1;0
5d306ad40568880299b2dcc1;AZ;FALSE;1;1;0;0;1;0;0;0;1;0
5d306ad40568880299b2dcc3;AZ;FALSE;1;1;0;0;1;0;0;0;1;0
5d306ad40568880299b2dcc4;AZ;FALSE;1;1;0;0;1;0;0;0;1;0
5d306ad40568880299b2dcc6;AZ;FALSE;1;0;0;1;1;0;0;0;1;0
5d306ad40568880299b2dcc7;AZ;FALSE;1;0;0;1;0;0;1;0;1;0
5d306ad40568880299b2dcc8;AZ;FALSE;1;1;0;0;0;0;1;0;1;0
5d306ad40568880299b2dcca;AZ;FALSE;1;1;0;0;0;0;1;0;1;0
5d306ad40568880299b2dccb;AZ;FALSE;1;1;0;0;1;0;0;0;1;0
5d306ad40568880299b2dccd;AZ;FALSE;1;0;0;1;1;0;0;0;1;0
5d306ad40568880299b2dcce;AZ;FALSE;1;1;0;0;1;0;0;0;1;0
5d306ad40568880299b2dcd1;AZ;FALSE;1;1;0;0;1;0;0;0;1;0
5d306ad40568880299b2dcd2;AZ;FALSE;1;0;1;0;1;0;0;0;1;0
5d306ad40568880299b2dcd3;AZ;TRUE;1;0;1;0;1;0;0;0;1;0
5d306ad40568880299b2dcd4;AZ;FALSE;1;1;0;0;1;0;0;0;1;0
5d306ad40568880299b2dcd7;AZ;FALSE;1;1;0;0;1;0;0;0;1;0
5d306ad40568880299b2dcd8;AZ;FALSE;1;1;0;0;1;0;0;0;1;0
5d306ad40568880299b2dcd9;AZ;FALSE;1;0;1;0;1;0;0;0;1;0
5d306ad40568880299b2dce0;AZ;FALSE;1;1;0;0;1;0;0;0;1;0
5d306ad40568880299b2dce1;AZ;FALSE;1;1;0;0;1;0;0;0;1;0
5d306ad40568880299b2dce2;AZ;FALSE;1;1;0;0;1;0;0;0;1;0
5d306ad40568880299b2dce3;AZ;FALSE;1;1;0;0;0;0;1;0;1;0
5d306ad40568880299b2dce4;AZ;FALSE;1;1;0;0;1;0;0;0;1;0
5d306ad40568880299b2dce5;AZ;FALSE;1;1;0;0;1;0;0;0;1;0
5d306ad40568880299b2dce9;AZ;FALSE;1;1;0;0;1;0;0;0;1;0
5d306ad40568880299b2dcea;AZ;FALSE;1;1;0;0;1;0;0;0;1;0
5d306ad40568880299b2dcec;AZ;FALSE;1;1;0;0;1;0;0;0;1;0
5d306ad40568880299b2dcef;AZ;FALSE;1;0;0;1;1;0;0;0;1;0
5d306ad40568880299b2dcf0;AZ;FALSE;1;1;0;0;1;0;0;0;1;0
5d306ad40568880299b2dcf3;AZ;FALSE;1;1;0;0;1;0;0;0;1;0
5d306ad40568880299b2dcf4;AZ;FALSE;1;1;0;0;1;0;0;0;1;0
5d306ad40568880299b2dcf5;AZ;FALSE;1;1;0;0;1;0;0;0;1;0
5d306ad40568880299b2dcf7;AZ;FALSE;1;1;0;0;1;0;0;0;1;0
5d306ad40568880299b2dcf8;AZ;FALSE;1;1;0;0;1;0;0;0;1;0
5d306ad40568880299b2dcf9;AZ;FALSE;1;1;0;0;1;0;0;0;1;0
5d306ad40568880299b2dcfa;AZ;FALSE;1;1;0;0;0;0;1;0;1;0
5d306ad40568880299b2dcfb;AZ;FALSE;1;1;0;0;1;0;0;0;1;0
5d306ad40568880299b2dcfe;AZ;FALSE;1;1;0;0;1;0;0;0;1;0
5d306ad40568880299b2dd01;AZ;FALSE;1;0;0;1;1;0;0;0;1;0
5d306ad40568880299b2dd04;AZ;FALSE;1;1;0;0;1;0;0;0;1;0
5d306ad40568880299b2dd06;AZ;FALSE;1;0;0;1;0;0;1;0;1;0
5d306ad40568880299b2dd07;AZ;FALSE;1;1;0;0;1;0;0;0;1;0
5d306ad40568880299b2dd09;AZ;TRUE;1;0;0;1;1;0;0;0;1;0
5d306ad40568880299b2dd0a;AZ;TRUE;1;1;0;0;1;0;0;0;1;0
5d306ad40568880299b2dd0f;AZ;FALSE;1;1;0;0;0;0;1;0;1;0
5d306ad40568880299b2dd10;AZ;FALSE;1;1;0;0;1;0;0;0;1;0
5d306ad40568880299b2dd11;AZ;FALSE;1;1;0;0;1;0;0;0;1;0
5d306ad40568880299b2dd12;AZ;TRUE;1;0;0;1;0;0;1;0;1;0
5d306ad40568880299b2dd13;AZ;FALSE;1;1;0;0;1;0;0;0;1;0
5d306ad40568880299b2dd15;AZ;FALSE;1;1;0;0;1;0;0;0;1;0
5d306ad40568880299b2dd16;AZ;FALSE;1;0;0;1;1;0;0;0;1;0
5d306ad40568880299b2dd17;AZ;FALSE;1;0;0;1;1;0;0;0;1;0
5d306ad40568880299b2dd18;AZ;FALSE;1;0;1;0;1;0;0;0;1;0
5d306ad40568880299b2dd19;AZ;FALSE;1;0;1;0;1;0;0;0;1;0
5d306ad40568880299b2dd1a;AZ;FALSE;1;0;0;1;1;0;0;0;1;0
5d306ad40568880299b2dd1b;AZ;FALSE;1;0;0;1;0;0;1;0;0;1
5d306ad40568880299b2dd1c;AZ;FALSE;1;0;0;1;1;0;0;0;1;0
5d306ad40568880299b2dd20;AZ;FALSE;1;1;0;0;1;0;0;0;1;0
5d306ad40568880299b2dd21;AZ;FALSE;1;1;0;0;1;0;0;0;1;0
5d306ad40568880299b2dd23;AZ;FALSE;1;0;1;0;1;0;0;0;1;0
5d306ad40568880299b2dd26;AZ;FALSE;1;1;0;0;0;0;1;0;1;0
5d306ad40568880299b2dd27;AZ;FALSE;1;0;0;1;1;0;0;0;1;0
5d306ad40568880299b2dd29;AZ;FALSE;1;1;0;0;1;0;0;0;1;0
5d306ad40568880299b2dd2e;AZ;FALSE;1;1;0;0;1;0;0;0;1;0
5d306ad40568880299b2dd31;AZ;FALSE;1;0;0;1;1;0;0;0;1;0
5d306ad40568880299b2dd32;AZ;TRUE;1;0;0;1;0;0;1;0;1;0
5d306ad40568880299b2dd33;AZ;FALSE;1;0;0;1;1;0;0;0;1;0
5d306ad40568880299b2dd34;AZ;FALSE;1;1;0;0;1;0;0;0;1;0
5d306ad40568880299b2dd35;AZ;FALSE;1;0;0;1;1;0;0;0;1;0
5d306ad40568880299b2dd37;AZ;FALSE;1;1;0;0;1;0;0;0;0;1
5d306ad40568880299b2dd38;AZ;TRUE;1;1;0;0;1;0;0;0;1;0
5d306ad40568880299b2dd39;AZ;TRUE;1;1;0;0;1;0;0;0;1;0
5d306ad40568880299b2dd3a;AZ;FALSE;1;0;0;1;0;0;1;0;1;0
5d306ad40568880299b2dd3c;AZ;FALSE;1;1;0;0;1;0;0;0;1;0
5d306ad40568880299b2dd3d;AZ;FALSE;1;0;0;1;0;0;1;0;1;0
5d306ad40568880299b2dd3e;AZ;FALSE;1;0;0;1;1;0;0;0;1;0
5d306ad40568880299b2dd3f;AZ;FALSE;1;1;0;0;1;0;0;0;1;0
5d306ad40568880299b2dd40;AZ;FALSE;1;1;0;0;1;0;0;0;1;0
5d306ad40568880299b2dd43;AZ;FALSE;1;1;0;0;1;0;0;0;1;0
5d306ad40568880299b2dd45;AZ;FALSE;1;1;0;0;1;0;0;0;1;0
5d306ad40568880299b2dd48;AZ;FALSE;1;0;0;1;1;0;0;0;1;0
5d306ad40568880299b2dd4b;AZ;TRUE;1;1;0;0;1;0;0;0;1;0
5d306ad40568880299b2dd4d;AZ;TRUE;1;1;0;0;1;0;0;0;1;0
5d306ad40568880299b2dd4f;AZ;FALSE;1;1;0;0;1;0;0;0;1;0
5d306ad40568880299b2dd50;RU;TRUE;1;1;0;0;1;0;0;0;1;0
5d306ad40568880299b2dd51;AZ;FALSE;1;1;0;0;0;0;1;0;1;0
5d306ad40568880299b2dd52;AZ;TRUE;1;1;0;0;1;0;0;0;1;0
5d306ad40568880299b2dd53;AZ;FALSE;1;0;0;1;1;0;0;0;1;0
5d306ad40568880299b2dd54;AZ;FALSE;1;1;0;0;1;0;0;0;1;0
5d306ad40568880299b2dd56;AZ;FALSE;1;1;0;0;1;0;0;0;1;0
5d306ad40568880299b2dd59;AZ;TRUE;1;1;0;0;1;0;0;0;1;0
5d306ad40568880299b2dd5a;AZ;FALSE;1;0;0;1;1;0;0;0;1;0
5d306ad40568880299b2dd5b;AZ;FALSE;1;1;0;0;1;0;0;0;1;0
5d306ad40568880299b2dd60;AZ;FALSE;1;0;0;1;1;0;0;0;1;0
5d306ad40568880299b2dd61;AZ;FALSE;1;0;1;0;1;0;0;0;1;0
5d306ad40568880299b2dd62;AZ;FALSE;1;1;0;0;1;0;0;0;1;0
5d306ad40568880299b2dd63;AZ;TRUE;1;1;0;0;1;0;0;0;1;0
5d306ad40568880299b2dd67;AZ;TRUE;1;1;0;0;1;0;0;0;1;0
5d306ad40568880299b2dd68;AZ;FALSE;1;1;0;0;1;0;0;0;1;0
5d306ad40568880299b2dd6a;AZ;FALSE;1;1;0;0;1;0;0;0;1;0
5d306ad40568880299b2dd6c;AZ;FALSE;1;0;0;0;1;0;0;0;1;0
5d306ad40568880299b2dd6f;AZ;FALSE;1;0;0;1;1;0;0;0;1;0
5d306ad40568880299b2dd70;AZ;FALSE;1;0;0;1;1;0;0;0;1;0
5d306ad40568880299b2dd71;AZ;TRUE;1;1;0;0;1;0;0;0;1;0
5d306ad40568880299b2dd72;AZ;FALSE;1;1;0;0;1;0;0;0;1;0
5d306ad40568880299b2dd73;AZ;FALSE;1;1;0;0;0;0;1;0;1;0
5d306ad40568880299b2dd76;AZ;FALSE;1;0;1;0;1;0;0;0;1;0
5d306ad40568880299b2dd77;AZ;FALSE;1;1;0;0;1;0;0;0;1;0
5d306ad40568880299b2dd79;AZ;FALSE;1;1;0;0;1;0;0;0;1;0
5d306ad40568880299b2dd7a;AZ;FALSE;1;1;0;0;0;0;1;0;1;0
5d306ad40568880299b2dd7b;AZ;FALSE;1;0;0;1;1;0;0;0;1;0
5d306ad40568880299b2dd7d;AZ;FALSE;1;0;0;1;1;0;0;0;1;0
5d306ad40568880299b2dd7e;AZ;TRUE;1;1;0;0;1;0;0;0;1;0
5d306ad40568880299b2dd82;AZ;FALSE;1;1;0;0;1;0;0;0;1;0
5d306ad40568880299b2dd83;AZ;TRUE;1;1;0;0;1;0;0;0;1;0
5d306ad40568880299b2dd84;AZ;FALSE;1;1;0;0;1;0;0;0;1;0
5d306ad40568880299b2dd85;AZ;FALSE;1;0;0;1;1;0;0;0;1;0
5d306ad40568880299b2dd86;AZ;FALSE;1;0;0;1;0;0;1;0;1;0
5d306ad40568880299b2dd87;AZ;FALSE;1;1;0;0;1;0;0;0;1;0
5d306ad40568880299b2dd88;AZ;FALSE;1;1;0;0;0;0;1;0;1;0
5d306ad40568880299b2dd89;AZ;FALSE;1;1;0;0;1;0;0;0;1;0
5d306ad40568880299b2dd8a;AZ;FALSE;1;1;0;0;1;0;0;0;1;0
5d306ad40568880299b2dd8b;AZ;FALSE;1;1;0;0;1;0;0;0;1;0
5d306ad40568880299b2dd8c;AZ;FALSE;1;0;0;1;1;0;0;0;1;0
5d306ad40568880299b2dd8f;AZ;FALSE;1;1;0;0;1;0;0;0;1;0
5d306ad40568880299b2dd90;AZ;FALSE;1;1;0;0;1;0;0;0;1;0
5d306ad40568880299b2dd91;AZ;FALSE;1;0;0;1;1;0;0;0;1;0
5d306ad40568880299b2dd92;AZ;FALSE;1;1;0;0;1;0;0;0;1;0
5d306ad40568880299b2dd93;AZ;FALSE;1;1;0;0;1;0;0;0;1;0
5d306ad40568880299b2dd94;AZ;FALSE;1;1;0;0;1;0;0;0;1;0
5d306ad40568880299b2dd95;AZ;FALSE;1;1;0;0;1;0;0;0;1;0
5d306ad40568880299b2dd96;AZ;FALSE;1;0;0;1;1;0;0;0;1;0
5d306ad40568880299b2dd98;AZ;FALSE;1;0;0;1;1;0;0;0;1;0
5d306ad40568880299b2dd9b;AZ;TRUE;1;0;0;1;1;0;0;0;1;0
5d306ad40568880299b2dd9d;AZ;FALSE;1;1;0;0;1;0;0;0;1;0
5d306ad40568880299b2dd9e;AZ;FALSE;1;0;0;1;1;0;0;0;1;0
5d306ad40568880299b2dda0;AZ;FALSE;1;1;0;0;1;0;0;0;1;0
5d306ad40568880299b2dda2;AZ;FALSE;1;1;0;0;1;0;0;0;1;0
5d306ad40568880299b2dda3;AZ;TRUE;1;0;0;1;0;0;1;0;1;0
5d306ad40568880299b2dda4;AZ;FALSE;1;1;0;0;1;0;0;0;1;0
5d306ad40568880299b2dda7;AZ;TRUE;1;1;0;0;1;0;0;0;1;0
5d306ad40568880299b2dda8;AZ;FALSE;1;0;0;1;1;0;0;0;1;0
5d306ad40568880299b2dda9;AZ;FALSE;1;1;0;0;0;0;1;0;1;0
5d306ad40568880299b2ddab;AZ;FALSE;1;1;0;0;1;0;0;0;1;0
5d306ad40568880299b2ddac;AZ;FALSE;1;1;0;0;0;0;1;0;0;1
5d306ad40568880299b2ddad;AZ;FALSE;1;1;0;0;0;0;1;0;1;0
5d306ad40568880299b2ddae;AZ;FALSE;1;1;0;0;1;0;0;0;1;0
5d306ad40568880299b2ddaf;AZ;FALSE;1;1;0;0;0;0;1;0;1;0
5d306ad40568880299b2ddb0;AZ;FALSE;1;1;0;0;0;0;1;0;1;0
5d306ad40568880299b2ddb1;AZ;FALSE;1;0;0;1;1;0;0;0;1;0
5d306ad40568880299b2ddb2;AZ;FALSE;1;0;0;1;1;0;0;0;1;0
5d306ad40568880299b2ddb3;AZ;FALSE;1;1;0;0;1;0;0;0;1;0
5d306ad40568880299b2ddb4;AZ;FALSE;1;1;0;0;1;0;0;0;1;0
5d306ad40568880299b2ddb5;AZ;FALSE;1;0;1;0;1;0;0;0;1;0
5d306ad40568880299b2ddb6;AZ;FALSE;1;0;1;0;1;0;0;0;1;0
5d306ad40568880299b2ddb8;AZ;FALSE;1;1;0;0;1;0;0;0;1;0
5d306ad40568880299b2ddb9;AZ;FALSE;1;1;0;0;1;0;0;0;1;0
5d306ad40568880299b2ddba;AZ;FALSE;1;1;0;0;1;0;0;0;1;0
5d306ad40568880299b2ddbd;AZ;FALSE;1;0;0;1;0;0;1;0;1;0
5d306ad40568880299b2ddbe;AZ;FALSE;1;1;0;0;1;0;0;0;1;0
5d306ad40568880299b2ddbf;AZ;FALSE;1;1;0;0;1;0;0;0;0;1
5d306ad40568880299b2ddc0;AZ;FALSE;1;1;0;0;1;0;0;0;1;0
5d306ad40568880299b2ddc1;AZ;FALSE;1;0;1;0;1;0;0;0;1;0
5d306ad40568880299b2ddc2;AZ;TRUE;1;0;0;1;1;0;0;0;1;0
5d306ad40568880299b2ddc3;AZ;FALSE;1;1;0;0;1;0;0;0;1;0
5d306ad40568880299b2ddc6;AZ;FALSE;1;1;0;0;1;0;0;0;1;0
5d306ad40568880299b2ddc7;AZ;FALSE;1;1;0;0;1;0;0;0;1;0
5d306ad40568880299b2ddcb;US;FALSE;1;1;0;0;1;0;0;0;1;0
5d306ad40568880299b2ddcc;AZ;FALSE;1;0;0;1;1;0;0;0;1;0
5d306ad40568880299b2ddce;AZ;FALSE;1;0;1;0;0;0;1;0;1;0
5d306ad40568880299b2ddd0;AZ;FALSE;1;1;0;0;1;0;0;0;1;0
5d306ad40568880299b2ddd1;AZ;TRUE;1;0;0;1;1;0;0;0;1;0
5d306ad40568880299b2ddd3;AZ;FALSE;1;0;0;1;1;0;0;0;1;0
5d306ad40568880299b2ddd5;RU;FALSE;1;1;0;0;1;0;0;0;1;0
5d306ad40568880299b2ddd7;AZ;FALSE;1;0;0;1;0;0;1;0;1;0
5d306ad40568880299b2ddd8;AZ;TRUE;1;1;0;0;1;0;0;0;1;0
5d306ad40568880299b2ddda;AZ;TRUE;1;1;0;0;1;0;0;0;1;0
5d306ad40568880299b2dddb;AZ;FALSE;1;0;0;1;1;0;0;0;1;0
5d306ad40568880299b2dddd;AZ;FALSE;1;0;0;1;1;0;0;0;1;0
5d306ad40568880299b2ddde;AZ;FALSE;1;0;0;1;1;0;0;0;1;0
5d306ad40568880299b2dddf;AZ;FALSE;1;1;0;0;1;0;0;0;1;0
5d306ad50568880299b2dde1;AZ;FALSE;1;1;0;0;0;0;1;0;1;0
5d306ad50568880299b2dde2;AZ;FALSE;1;0;0;1;1;0;0;0;1;0
5d306ad50568880299b2dde3;AZ;TRUE;1;0;0;1;1;0;0;0;1;0
5d306ad50568880299b2dde5;AZ;FALSE;1;1;0;0;1;0;0;0;1;0
5d306ad50568880299b2dde6;AZ;FALSE;1;1;0;0;0;0;1;0;0;1
5d306ad50568880299b2dde7;AZ;TRUE;1;1;0;0;0;0;1;0;1;0
5d306ad50568880299b2dde8;RU;FALSE;1;1;0;0;1;0;0;0;1;0
5d306ad50568880299b2dde9;AZ;FALSE;1;0;0;1;1;0;0;0;1;0
5d306ad50568880299b2ddea;AZ;FALSE;1;1;0;0;0;0;1;0;1;0
5d306ad50568880299b2ddec;AZ;FALSE;1;0;0;1;1;0;0;0;1;0
5d306ad50568880299b2ddee;AZ;TRUE;1;1;0;0;1;0;0;0;1;0
5d306ad50568880299b2ddf0;RU;FALSE;1;1;0;0;1;0;0;0;1;0
5d306ad50568880299b2ddf3;AZ;TRUE;1;1;0;0;1;0;0;0;1;0
5d306ad50568880299b2ddf4;AZ;FALSE;1;0;0;1;0;0;1;0;1;0
5d306ad50568880299b2ddf6;AZ;FALSE;1;1;0;0;1;0;0;0;1;0
5d306ad50568880299b2ddf8;AZ;FALSE;1;1;0;0;1;0;0;0;1;0
5d306ad50568880299b2ddf9;AZ;FALSE;1;0;0;1;0;0;1;0;1;0
5d306ad50568880299b2ddfa;AZ;FALSE;1;1;0;0;1;0;0;0;1;0
5d306ad50568880299b2ddfb;AZ;FALSE;1;0;1;0;1;0;0;0;1;0
5d306ad50568880299b2ddfc;AZ;FALSE;1;1;0;0;0;0;1;0;1;0
5d306ad50568880299b2ddfd;AZ;TRUE;1;0;0;1;1;0;0;0;1;0
5d306ad50568880299b2ddff;AZ;FALSE;1;0;0;1;1;0;0;0;1;0
5d306ad50568880299b2de01;AZ;FALSE;1;1;0;0;1;0;0;0;1;0
5d306ad50568880299b2de02;AZ;FALSE;1;1;0;0;1;0;0;0;1;0
5d306ad50568880299b2de03;AZ;FALSE;1;0;0;1;0;0;1;0;1;0
5d306ad50568880299b2de05;AZ;FALSE;1;1;0;0;1;0;0;0;1;0
5d306ad50568880299b2de06;AZ;TRUE;1;1;0;0;1;0;0;0;1;0
5d306ad50568880299b2de07;AZ;FALSE;1;1;0;0;1;0;0;0;1;0
5d306ad50568880299b2de08;AZ;FALSE;1;0;0;1;1;0;0;0;1;0
5d306ad50568880299b2de09;AZ;TRUE;1;1;0;0;1;0;0;0;1;0
5d306ad50568880299b2de0a;AZ;FALSE;1;1;0;0;0;0;1;0;1;0
5d306ad50568880299b2de0b;AZ;FALSE;1;1;0;0;1;0;0;0;1;0
5d306ad50568880299b2de0d;AZ;FALSE;1;1;0;0;1;0;0;0;1;0
5d306ad50568880299b2de0e;AZ;FALSE;1;1;0;0;1;0;0;0;1;0
5d306ad50568880299b2de0f;AZ;FALSE;1;0;0;1;1;0;0;0;1;0
5d306ad50568880299b2de10;AZ;FALSE;1;1;0;0;1;0;0;0;1;0
5d306ad50568880299b2de11;AZ;FALSE;1;1;0;0;1;0;0;0;1;0
5d306ad50568880299b2de12;AZ;FALSE;1;1;0;0;1;0;0;0;0;1
5d306ad50568880299b2de13;AZ;FALSE;1;0;0;1;0;0;1;0;1;0
5d306ad50568880299b2de14;AZ;FALSE;1;1;0;0;1;0;0;0;1;0
5d306ad50568880299b2de15;AZ;TRUE;1;0;0;1;1;0;0;0;1;0
5d306ad50568880299b2de16;AZ;FALSE;1;0;0;1;1;0;0;0;1;0
5d306ad50568880299b2de18;AZ;FALSE;1;1;0;0;1;0;0;0;1;0
5d306ad50568880299b2de1b;AZ;FALSE;1;1;0;0;1;0;0;0;1;0
5d306ad50568880299b2de1c;AZ;FALSE;1;1;0;0;1;0;0;0;1;0
5d306ad50568880299b2de1d;AZ;FALSE;1;0;0;1;1;0;0;0;1;0
5d306ad50568880299b2de1e;AZ;FALSE;1;1;0;0;0;0;1;0;0;1
5d306ad50568880299b2de1f;AZ;FALSE;1;1;0;0;1;0;0;0;1;0
5d306ad50568880299b2de20;AM;FALSE;1;0;1;0;1;0;0;0;1;0
5d306ad50568880299b2de21;AZ;FALSE;1;1;0;0;1;0;0;0;1;0
5d306ad50568880299b2de22;AZ;FALSE;1;0;0;1;1;0;0;0;1;0
5d306ad50568880299b2de23;AZ;FALSE;1;1;0;0;1;0;0;0;1;0
5d306ad50568880299b2de24;RU;FALSE;1;1;0;0;0;0;1;0;1;0
5d306ad50568880299b2de25;AZ;FALSE;1;1;0;0;1;0;0;0;1;0
5d306ad50568880299b2de26;AZ;FALSE;1;0;1;0;1;0;0;0;1;0
5d306ad50568880299b2de27;AZ;FALSE;1;1;0;0;1;0;0;0;1;0
5d306ad50568880299b2de29;AZ;FALSE;1;1;0;0;1;0;0;0;1;0
5d306ad50568880299b2de2a;AZ;FALSE;1;0;0;1;1;0;0;0;1;0
5d306ad50568880299b2de2b;AZ;FALSE;1;1;0;0;1;0;0;0;1;0
5d306ad50568880299b2de2d;AZ;TRUE;1;1;0;0;1;0;0;0;1;0
5d306ad50568880299b2de2e;AZ;FALSE;1;1;0;0;1;0;0;0;1;0
5d306ad50568880299b2de2f;AZ;FALSE;1;1;0;0;1;0;0;0;1;0
5d306ad50568880299b2de30;AZ;FALSE;1;1;0;0;1;0;0;0;1;0
5d306ad50568880299b2de31;AZ;FALSE;1;1;0;0;1;0;0;0;1;0
5d306ad50568880299b2de32;AZ;FALSE;1;1;0;0;1;0;0;0;1;0
5d306ad50568880299b2de33;AZ;FALSE;1;1;0;0;0;0;1;0;1;0
5d306ad50568880299b2de34;AZ;FALSE;1;1;0;0;1;0;0;0;1;0
5d306ad50568880299b2de35;AZ;FALSE;1;1;0;0;1;0;0;0;1;0
5d306ad50568880299b2de36;AZ;FALSE;1;0;0;1;1;0;0;0;1;0
5d306ad50568880299b2de37;AZ;FALSE;1;1;0;0;1;0;0;0;1;0
5d306ad50568880299b2de38;AZ;FALSE;1;1;0;0;1;0;0;0;1;0
5d306ad50568880299b2de39;AZ;FALSE;1;1;0;0;1;0;0;0;1;0
5d306ad50568880299b2de3a;AZ;FALSE;1;1;0;0;1;0;0;0;1;0
5d306ad50568880299b2de3c;AZ;FALSE;1;0;0;1;1;0;0;0;1;0
5d306ad50568880299b2de3e;AZ;FALSE;1;0;0;1;1;0;0;0;1;0
5d306ad50568880299b2de3f;AZ;FALSE;1;1;0;0;1;0;0;0;1;0
5d306ad50568880299b2de41;AZ;FALSE;1;1;0;0;1;0;0;0;1;0
5d306ad50568880299b2de42;AZ;FALSE;1;1;0;0;1;0;0;0;1;0
5d306ad50568880299b2de43;AZ;FALSE;1;0;0;1;1;0;0;0;1;0
5d306ad50568880299b2de44;AZ;TRUE;1;1;0;0;0;0;1;0;1;0
5d306ad50568880299b2de45;AZ;FALSE;1;1;0;0;0;0;1;0;1;0
5d306ad50568880299b2de46;AZ;FALSE;1;1;0;0;1;0;0;0;1;0
5d306ad50568880299b2de47;AZ;FALSE;1;1;0;0;1;0;0;0;1;0
5d306ad50568880299b2de48;AZ;FALSE;1;1;0;0;1;0;0;0;1;0
5d306ad50568880299b2de49;AZ;TRUE;1;1;0;0;1;0;0;0;1;0
5d306ad50568880299b2de4a;AZ;TRUE;1;1;0;0;1;0;0;0;1;0
5d306ad50568880299b2de4b;AZ;FALSE;1;0;0;1;1;0;0;0;1;0
5d306ad50568880299b2de4c;AZ;FALSE;1;1;0;0;1;0;0;0;1;0
5d306ad50568880299b2de4d;AZ;FALSE;1;0;1;0;1;0;0;0;1;0
5d306ad50568880299b2de4f;AZ;FALSE;1;1;0;0;1;0;0;0;1;0
5d306ad50568880299b2de50;AZ;FALSE;1;1;0;0;0;0;1;0;1;0
5d306ad50568880299b2de51;AZ;FALSE;1;0;0;1;1;0;0;0;1;0
5d306ad50568880299b2de52;AZ;FALSE;1;0;0;1;1;0;0;0;1;0
5d306ad50568880299b2de53;AZ;FALSE;1;0;1;0;1;0;0;0;1;0
5d306ad50568880299b2de54;AZ;FALSE;1;1;0;0;1;0;0;0;1;0
5d306ad50568880299b2de55;AZ;FALSE;1;0;0;1;1;0;0;0;1;0
5d306ad50568880299b2de56;AZ;FALSE;1;1;0;0;0;0;1;0;1;0
5d306ad50568880299b2de57;AZ;FALSE;1;0;1;0;1;0;0;0;1;0
5d306ad50568880299b2de58;AZ;FALSE;1;0;0;1;1;0;0;0;1;0
5d306ad50568880299b2de59;AZ;FALSE;1;1;0;0;1;0;0;0;1;0
5d306ad50568880299b2de5a;AZ;TRUE;1;1;0;0;0;0;1;0;1;0
5d306ad50568880299b2de5b;AZ;FALSE;1;1;0;0;1;0;0;0;1;0
5d306ad50568880299b2de5d;AZ;TRUE;1;1;0;0;1;0;0;0;1;0
5d306ad50568880299b2de5e;AZ;FALSE;1;0;1;0;1;0;0;0;1;0
5d306ad50568880299b2de5f;AZ;FALSE;1;0;0;1;1;0;0;0;1;0
5d306ad50568880299b2de60;AZ;TRUE;1;1;0;0;1;0;0;0;1;0
5d306ad50568880299b2de61;AZ;FALSE;1;0;0;1;1;0;0;0;1;0
5d306ad50568880299b2de62;AZ;FALSE;1;1;0;0;1;0;0;0;1;0
5d306ad50568880299b2de63;AZ;FALSE;1;1;0;0;1;0;0;0;1;0
5d306ad50568880299b2de65;AZ;FALSE;1;1;0;0;1;0;0;0;1;0
5d306ad50568880299b2de66;AZ;FALSE;1;1;0;0;1;0;0;0;1;0
5d306ad50568880299b2de67;AZ;FALSE;1;0;0;1;1;0;0;0;1;0
5d306ad50568880299b2de68;AZ;FALSE;1;1;0;0;0;0;1;0;1;0
5d306ad50568880299b2de69;AZ;FALSE;1;1;0;0;1;0;0;0;1;0
5d306ad50568880299b2de6a;AZ;FALSE;1;1;0;0;1;0;0;0;1;0
5d306ad50568880299b2de6c;AZ;FALSE;1;1;0;0;1;0;0;0;1;0
5d306ad50568880299b2de6d;AZ;TRUE;1;1;0;0;0;0;1;0;1;0
5d306ad50568880299b2de6e;AZ;FALSE;1;1;0;0;1;0;0;0;1;0
5d306ad50568880299b2de6f;AZ;FALSE;1;1;0;0;1;0;0;0;1;0
5d306ad50568880299b2de70;AZ;FALSE;1;0;1;0;1;0;0;0;1;0
5d306ad50568880299b2de71;AZ;FALSE;1;1;0;0;1;0;0;0;1;0
5d306ad50568880299b2de72;AZ;FALSE;1;1;0;0;1;0;0;0;1;0
5d306ad50568880299b2de73;AZ;FALSE;1;0;0;1;1;0;0;0;1;0
5d306ad50568880299b2de74;AZ;FALSE;1;1;0;0;1;0;0;0;1;0
5d306ad50568880299b2de75;AZ;FALSE;1;1;0;0;1;0;0;0;1;0
5d306ad50568880299b2de76;AZ;FALSE;1;1;0;0;1;0;0;0;1;0
5d306ad50568880299b2de77;AZ;FALSE;1;0;0;1;1;0;0;0;1;0
5d306ad50568880299b2de78;UA;FALSE;1;1;0;0;1;0;0;0;1;0
5d306ad50568880299b2de79;AZ;FALSE;1;1;0;0;1;0;0;0;1;0
5d306ad50568880299b2de7a;AZ;FALSE;1;0;0;1;1;0;0;0;1;0
5d306ad50568880299b2de7b;AZ;FALSE;1;0;0;1;1;0;0;0;1;0
5d306ad50568880299b2de7c;AZ;FALSE;1;1;0;0;1;0;0;0;0;1
5d306ad50568880299b2de7d;AZ;FALSE;1;1;0;0;1;0;0;0;1;0
5d306ad50568880299b2de7e;AZ;FALSE;1;1;0;0;0;0;1;0;1;0
5d306ad50568880299b2de7f;AZ;FALSE;1;1;0;0;0;0;1;0;0;1
5d306ad50568880299b2de80;AZ;FALSE;1;1;0;0;1;0;0;0;1;0
5d306ad50568880299b2de81;AZ;TRUE;1;1;0;0;1;0;0;0;1;0
5d306ad50568880299b2de82;AZ;FALSE;1;0;0;1;1;0;0;0;1;0
5d306ad50568880299b2de83;AZ;TRUE;1;1;0;0;1;0;0;0;1;0
5d306ad50568880299b2de84;AZ;TRUE;1;1;0;0;1;0;0;0;1;0
5d306ad50568880299b2de85;AZ;FALSE;1;1;0;0;1;0;0;0;1;0
5d306ad50568880299b2de86;AZ;FALSE;1;1;0;0;1;0;0;0;1;0
5d306ad50568880299b2de87;AZ;FALSE;1;1;0;0;1;0;0;0;1;0
5d306ad50568880299b2de88;AZ;FALSE;1;1;0;0;1;0;0;0;1;0
5d306ad50568880299b2de89;AZ;FALSE;1;1;0;0;1;0;0;0;1;0
5d306ad50568880299b2de8a;US;FALSE;1;0;1;0;1;0;0;0;1;0
